47.3251,47.98071,0.69,0.95,-0.16,-0.05
47.35394,48.00462,0.63,0.63,0.06,0.06
47.36766,48.016,0.62,0.62,-0.48,-0.48
47.36766,48.016,0.78,0.78,-0.4,-0.4
47.37902,48.02542,0.62,0.62,-0.03,-0.03
47.40574,48.04757,0.65,0.91,-0.29,-0.15
47.44002,48.076,0.8,0.8,-0.26,-0.26
47.44002,48.076,0.79,0.79,-0.28,-0.28
47.45263,48.08646,0.94,0.94,-0.05,-0.05
47.45263,48.08646,0.74,1,-0.37,-0.21
47.46473,48.09649,1.02,1.02,-0.26,-0.26
47.51118,48.135,0.66,0.66,-0.46,-0.46
47.51118,48.135,0.73,0.73,-0.4,-0.4
47.53692,48.15635,0.64,0.64,-0.36,-0.36
47.53692,48.15635,-0.18,0.08,-1.08,-0.77
47.56665,48.181,1.02,1.02,-0.3,-0.3
47.56665,48.181,0.88,0.88,-0.33,-0.33
47.6212,48.22623,1.04,1.04,0.09,0.09
47.6212,48.22623,0.72,0.98,-0.03,0.06
47.62937,48.233,1,1,-0.23,-0.23
47.62937,48.233,1.06,1.06,-0.25,-0.25
47.6674,48.26454,0.49,0.49,0,0
47.6674,48.26454,0.03,0.29,-0.44,-0.27
47.69328,48.286,0.75,0.75,-0.25,-0.25
47.69328,48.286,0.92,0.92,-0.41,-0.41
47.70315,48.29418,1.07,1.07,-0.34,-0.34
47.70488,48.29562,0.22,0.48,-0.15,-0.04
47.74876,48.332,0.79,0.79,-0.37,-0.37
47.74876,48.332,0.77,0.77,-0.32,-0.32
47.79218,48.368,0.51,0.51,-0.45,-0.45
47.79218,48.368,0.3,0.56,0.03,0.1
47.79416,48.36964,0.49,0.49,0.42,0.42
47.80599,48.37945,-0.18,0.54,-0.36,-0.64
47.81992,48.391,0.84,0.84,-0.44,-0.44
47.81992,48.391,0.95,0.95,-0.48,-0.48
47.88383,48.444,0.87,0.87,-0.34,-0.34
47.88383,48.444,0.91,0.91,-0.31,-0.31
47.91489,48.46975,0.62,0.88,-0.4,-0.24
47.91489,48.46975,-0.22,0.5,1.05,0.77
47.94157,48.49187,1.17,1.17,-0.13,-0.13
47.97463,48.51929,0.92,0.92,-0.34,-0.34
47.97463,48.51929,0.36,0.62,-0.71,-0.48
47.98635,48.529,0.93,0.93,-0.61,-0.61
47.98635,48.529,1.09,1.09,-0.22,-0.22
48.00188,48.54188,1.08,NaN,-0.37,NaN
48.01577,48.5534,0.83,NaN,0.15,NaN
48.02976,48.565,1.04,1.04,-0.3,-0.3
48.02976,48.565,1.05,1.05,-0.49,-0.49
48.0768,48.604,0.89,0.89,-0.51,-0.51
48.0768,48.604,0.95,0.95,-0.63,-0.63
48.10762,48.62956,0.72,0.72,0.13,0.13
48.11739,48.63766,1.2,1.2,-0.5,-0.5
48.11739,48.63766,0.7,0.96,-0.63,-0.42
48.12988,48.64801,0.77,1.03,-0.4,-0.24
48.13092,48.64888,0.75,1.01,-0.3,-0.16
48.13092,48.64888,0.17,0.89,0.03,-0.25
48.14498,48.66053,0.56,0.82,-0.71,-0.48
48.14498,48.66053,0.34,1.06,-0.12,-0.4
48.16289,48.67538,1.32,1.58,-0.11,-0.01
48.19947,48.70572,1.13,1.13,-0.52,-0.52
48.19947,48.70572,0.81,1.07,-0.67,-0.45
48.20464,48.71,0.7,0.7,-0.53,-0.53
48.20464,48.71,0.8,0.8,-0.58,-0.58
48.22445,48.72643,0.83,1.09,-0.41,-0.24
48.22623,48.72791,0.57,0.83,-0.51,-0.33
48.22623,48.72791,0.8,0.8,-0.37,-0.37
48.26549,48.76046,0.59,0.85,-0.6,-0.39
48.27412,48.76762,0.97,1.23,-0.19,-0.07
48.29672,48.78635,0.49,0.75,-0.58,-0.38
48.32351,48.80857,0.83,1.09,-0.39,-0.23
48.32885,48.813,1.02,1.02,-0.79,-0.79
48.32885,48.813,0.74,1,-0.34,-0.19
48.32885,48.813,1.09,1.09,-0.47,-0.47
48.34133,48.82335,0.67,0.93,-0.39,-0.23
48.36262,48.841,0.84,0.84,-0.69,-0.69
48.36262,48.841,0.91,0.91,-0.59,-0.59
48.39486,48.86773,0.75,1.01,-0.38,-0.22
48.43144,48.89806,0.49,0.75,-0.38,-0.22
48.44222,48.907,0.96,0.96,-0.38,-0.38
48.44222,48.907,1.14,1.14,-0.38,-0.38
48.46356,48.9247,0.49,0.75,-0.38,-0.22
48.46713,48.92765,0.74,1,-0.66,-0.44
48.49733,48.9527,0.71,0.71,0.14,0.14
48.4989,48.954,0.98,0.98,-0.47,-0.47
48.4989,48.954,1.08,1.08,-0.32,-0.32
48.56511,49.0089,0.69,0.69,-0.1,-0.1
48.56523,49.009,0.63,0.63,-0.81,-0.81
48.56523,49.009,0.06,0.32,-0.71,-0.48
48.56523,49.009,0.76,0.76,-0.71,-0.71
48.59053,49.02998,0.89,0.89,-0.11,-0.11
48.64491,49.07454,0.55,0.81,-0.72,-0.49
48.66015,49.087,1.02,1.02,-0.42,-0.42
48.66015,49.087,0.7,0.96,-0.25,-0.11
48.66015,49.087,1.17,1.17,-0.24,-0.24
48.66129,49.08793,0.72,1.44,-0.06,-0.34
48.69564,49.11602,0.35,1.07,-0.12,-0.4
48.7473,49.15825,1.14,1.14,-0.48,-0.48
48.75922,49.168,0.92,0.92,-0.27,-0.27
48.75922,49.168,1,1,-0.19,-0.19
48.82153,49.21895,0.08,0.8,-0.35,-0.63
48.84116,49.235,0.18,0.18,-0.93,-0.93
48.84116,49.235,0.49,0.49,-0.72,-0.72
48.85852,49.24919,0.77,0.77,-0.34,-0.34
48.8867,49.27223,0.92,0.92,-0.53,-0.53
48.8956,49.27951,0.67,0.93,-0.07,0.02
48.90796,49.28961,0.7,0.7,-0.25,-0.25
48.90796,49.28961,0.72,0.72,-0.37,-0.37
48.90796,49.28961,0.86,0.86,-0.62,-0.62
48.9578,49.33037,0.84,1.1,-0.59,-0.39
48.96714,49.338,0.84,0.84,-0.62,-0.62
48.96714,49.338,0.88,0.88,-0.7,-0.7
49.00682,49.37045,0.74,0.74,-0.67,-0.67
49.01728,49.379,0.95,0.95,-0.84,-0.84
49.01918,49.38055,1.08,1.08,-0.34,-0.34
49.06821,49.42064,0.55,0.81,-0.52,-0.33
49.07122,49.4231,1.21,1.21,-0.45,-0.45
49.08332,49.433,0.8,0.8,-0.8,-0.8
49.08332,49.433,0.86,0.86,-0.7,-0.7
49.11805,49.46139,1,1,-0.46,-0.46
49.14937,49.487,0.67,0.67,-0.92,-0.92
49.14937,49.487,0.56,0.56,-0.87,-0.87
49.15889,49.49478,0.74,1,-0.67,-0.45
49.16748,49.5018,0.81,1.07,-0.15,-0.04
49.16938,49.50336,1.1,1.1,-0.35,-0.35
49.16938,49.50336,0.59,0.85,-0.55,-0.35
49.19516,49.52444,0.73,0.99,-0.63,-0.42
49.20455,49.53212,0.96,0.96,-0.87,-0.87
49.21691,49.54222,0.91,0.91,-0.58,-0.58
49.23254,49.555,0.54,0.54,-0.77,-0.77
49.23254,49.555,0.38,0.38,-0.95,-0.95
49.25259,49.5714,0.76,0.76,-0.5,-0.5
49.29858,49.609,0.57,0.57,-1,-1
49.29858,49.609,0.94,0.94,-0.92,-0.92
49.30664,49.61559,0.85,0.85,-0.69,-0.69
49.3166,49.62373,0.57,0.83,-0.74,-0.5
49.3166,49.62373,0.48,0.74,-0.88,-0.62
49.32283,49.62883,0.84,1.1,-1.04,-0.74
49.32283,49.62883,0.44,1.16,-0.31,-0.59
49.34049,49.64327,0.9,1.16,0.04,0.11
49.35285,49.65337,1.03,1.03,-0.8,-0.8
49.35285,49.65337,0.97,0.97,-0.68,-0.68
49.35851,49.658,0.82,0.82,-0.62,-0.62
49.35851,49.658,0.82,0.82,-0.67,-0.67
49.40228,49.69379,0.72,0.72,-0.61,-0.61
49.43241,49.71842,0.61,0.87,-0.72,-0.49
49.43723,49.72235,1.03,NaN,-0.52,NaN
49.43925,49.724,0.89,0.89,-0.67,-0.67
49.43925,49.724,0.56,0.82,-0.74,-0.51
49.43925,49.724,0.9,0.9,-0.61,-0.61
49.44768,49.73089,1.02,1.28,-0.67,-0.45
49.48905,49.76467,0.7,0.96,-0.09,0.01
49.49925,49.773,0.89,0.89,-0.88,-0.88
49.50919,49.78111,0.45,1.17,-0.39,-0.67
49.51477,49.78567,0.85,1.11,-0.85,-0.59
49.52436,49.7935,0.62,0.88,-0.62,-0.41
49.54075,49.80689,0.46,0.46,-1.2,-1.2
49.54824,49.813,0.96,0.96,-0.76,-0.76
49.54824,49.813,0.73,0.99,-0.58,-0.38
49.54858,49.81328,0.73,0.73,-0.53,-0.53
49.60008,49.85534,0.57,0.83,-0.4,-0.24
49.60008,49.85534,0.52,0.78,-0.68,-0.46
49.60089,49.856,0.97,0.97,-0.62,-0.62
49.60089,49.856,0.87,0.87,-0.65,-0.65
49.6028,49.85756,0.56,0.82,-0.25,-0.12
49.65845,49.903,0.75,1.01,-0.41,-0.25
49.66499,49.90834,0.39,0.65,-0.94,-0.66
49.68553,49.92511,0.91,0.91,-0.63,-0.63
49.7269,49.95889,1.12,1.12,-0.64,-0.64
49.76622,49.991,1.24,1.24,-0.41,-0.41
49.76622,49.991,0.81,1.07,-0.55,-0.35
49.76775,49.99225,0.6,0.86,-0.61,-0.4
49.76921,49.99344,0.89,1.15,-0.88,-0.62
49.76989,49.994,1.1,1.1,-0.33,-0.33
49.76989,49.994,0.64,0.9,0.23,0.26
49.76989,49.994,0.92,0.92,-0.91,-0.91
49.78431,50.00577,0.95,0.95,-0.72,-0.72
49.83883,50.05029,0.29,0.55,-1.11,-0.8
49.86419,50.071,0.65,0.91,-0.53,-0.34
49.86419,50.071,1.08,1.08,-0.37,-0.37
49.88675,50.08942,0.62,0.88,-0.72,-0.49
49.89236,50.094,0.9,0.9,-0.66,-0.66
49.97441,50.161,1.2,1.2,-0.33,-0.33
49.99577,50.17844,0.93,1.19,-0.78,-0.54
50.00716,50.18774,0.42,1.14,-0.08,-0.36
50.01645,50.19534,1.03,1.03,-0.53,-0.53
50.02641,50.20346,1.2,1.2,-0.35,-0.35
50.02786,50.20465,0.85,1.11,-0.8,-0.55
50.02786,50.20465,0.76,1.48,-0.41,-0.69
50.05782,50.22911,0.98,0.98,-0.85,-0.85
50.0834,50.25,1.48,1.48,0.02,0.02
50.09769,50.26167,0.69,0.95,-0.58,-0.38
50.09918,50.26289,1,1,0.09,0.09
50.15089,50.30511,0.49,0.49,-1.05,-1.05
50.18423,50.33233,0.61,0.87,-0.72,-0.49
50.18917,50.33637,0.83,1.09,-0.82,-0.57
50.19361,50.34,0.79,0.79,-0.81,-0.81
50.19361,50.34,0.47,0.73,-0.45,-0.28
50.19361,50.34,0.75,0.75,-0.71,-0.71
50.21497,50.35744,0.61,1.33,-0.24,-0.52
50.21497,50.35744,0.79,1.05,-0.83,-0.58
50.22679,50.36709,0.79,0.79,-0.75,-0.75
50.22679,50.36709,0.81,1.07,-0.65,-0.43
50.24396,50.38111,0.78,1.04,-0.83,-0.57
50.25129,50.38709,0.59,0.59,-0.84,-0.84
50.25129,50.38709,1.24,1.5,-0.01,0.07
50.26213,50.39595,0.8,1.06,-0.76,-0.52
50.26464,50.398,0.75,0.75,-0.91,-0.91
50.28249,50.41257,0.34,1.06,-0.51,-0.79
50.28249,50.41257,0.51,0.77,-1,-0.71
50.29503,50.42281,0.58,0.58,-0.82,-0.82
50.29503,50.42281,1.25,1.51,-0.31,-0.16
50.30383,50.43,0.96,0.96,-0.5,-0.5
50.30383,50.43,0.31,0.57,-1.19,-0.86
50.30383,50.43,0.9,0.9,-0.65,-0.65
50.32465,50.447,0.78,0.78,-0.12,-0.12
50.32465,50.447,0.62,0.88,-0.56,-0.36
50.32843,50.45009,0.41,0.67,-0.92,-0.65
50.34057,50.46,0.6,0.6,-0.92,-0.92
50.34179,50.461,0.56,0.56,-0.85,-0.85
50.34179,50.461,-0.23,0.03,-1.61,-1.19
50.34179,50.461,0.49,0.49,-0.85,-0.85
50.38858,50.4992,0.62,1.34,-0.22,-0.5
50.44044,50.54156,0.97,0.97,-0.8,-0.8
50.44044,50.54156,0.99,0.99,-1.1,-1.1
50.45079,50.55,0.9,0.9,-0.7,-0.7
50.45201,50.551,0.44,0.7,-0.81,-0.56
50.45201,50.551,0.63,0.63,-1.34,-1.34
50.49215,50.58378,0.89,0.89,-0.8,-0.8
50.53284,50.617,0.2,0.46,-0.83,-0.58
50.53284,50.617,0.86,0.86,-0.54,-0.54
50.54386,50.626,0.54,0.54,-0.77,-0.77
50.60912,50.67929,0.55,0.55,-0.84,-0.84
50.60912,50.67929,0.13,0.39,-0.9,-0.63
50.60912,50.67929,0.26,0.52,-0.72,-0.49
50.64305,50.707,0.85,0.85,-0.45,-0.45
50.64937,50.71216,0.63,0.89,-0.96,-0.68
50.65761,50.71889,1.02,1.02,-0.81,-0.81
50.67126,50.73003,0.64,1.36,-0.26,-0.54
50.7312,50.779,0.15,0.15,-1.12,-1.12
50.7312,50.779,0,0,-1.29,-1.29
50.81657,50.85,-0.03,0.23,-1.03,-0.73
50.81657,50.85,0.5,0.5,-0.93,-0.93
50.81898,50.852,0.53,0.53,-1.05,-1.05
50.91516,50.932,1.08,1.08,-0.41,-0.41
50.91516,50.932,0.7,0.96,-0.48,-0.3
50.91998,50.936,0.65,0.91,-0.68,-0.46
50.91998,50.936,1.1,1.1,-0.73,-0.73
50.93596,50.9492,-0.02,0.24,-0.56,-0.36
50.94635,50.95759,0.65,0.91,-0.71,-0.48
51.01222,51.01082,0.02,0.74,-0.6,-0.88
51.06337,51.05225,-0.17,0.09,-1.57,-1.16
51.07087,51.05844,-0.02,0.7,-0.58,-0.86
51.07087,51.05844,0.3,0.56,-1.06,-0.76
51.08974,51.074,0.61,0.61,-0.7,-0.7
51.08974,51.074,0.34,0.6,-0.63,-0.42
51.09217,51.076,0.14,0.4,-0.98,-0.69
51.09217,51.076,0.77,0.77,-0.76,-0.76
51.14948,51.12326,0.2,0.92,-0.56,-0.84
51.2127,51.1754,-0.02,0.24,-0.92,-0.65
51.21869,51.18033,0.41,0.67,-1.28,-0.93
51.24091,51.19866,0.51,0.77,-0.98,-0.69
51.2971,51.245,0.46,0.46,-0.75,-0.75
51.2971,51.245,0.15,0.41,-0.77,-0.53
51.29953,51.247,0.38,0.38,-0.98,-0.98
51.29953,51.247,0.05,0.31,-1.03,-0.74
51.29953,51.247,0.59,0.59,-0.93,-0.93
51.30605,51.25238,0.57,0.57,-0.59,-0.59
51.50447,51.416,0.17,0.17,-0.93,-0.93
51.50689,51.418,0.34,0.34,-0.78,-0.78
51.50836,51.41921,-0.18,0.54,0.68,0.4
51.50836,51.41921,0.3,0.56,0.4,0.4
51.50836,51.41921,0.38,0.38,0.5,0.5
51.54824,51.4521,0.62,0.88,-0.78,-0.54
51.58729,51.4843,0.51,0.51,-0.48,-0.48
51.58729,51.4843,0.03,0.29,-0.77,-0.53
51.59661,51.49199,0.46,0.46,-0.97,-0.97
51.62428,51.5148,0.32,0.32,-0.81,-0.81
51.68636,51.566,0.01,0.01,-0.84,-0.84
51.68636,51.566,0.12,0.12,-0.91,-0.91
51.69,51.569,-0.47,-0.21,-1.19,-0.86
51.69,51.569,-0.02,-0.02,-1.23,-1.23
51.76875,51.63394,1.16,NaN,-0.59,NaN
51.76875,51.63394,0.83,1.09,-0.78,-0.54
51.7864,51.6485,0,0.26,-0.66,-0.44
51.80402,51.66302,-0.43,0.29,-0.32,-0.6
51.80402,51.66302,-0.11,0.15,-0.94,-0.66
51.80415,51.66313,0.48,0.48,-0.78,-0.78
51.81369,51.671,0.45,0.45,-0.01,-0.01
51.81369,51.671,-0.31,-0.05,-0.85,-0.59
51.81369,51.671,0,0,-1.26,-1.26
51.85949,51.70877,0.34,0.34,-1,-1
51.92987,51.767,-0.45,-0.19,-1.21,-0.87
51.92987,51.767,0.26,0.26,-0.83,-0.83
52.0264,51.84725,-0.16,0.1,-0.89,-0.62
52.04687,51.86426,0.57,0.83,-0.43,-0.26
52.05497,51.871,0.37,0.37,-0.12,-0.12
52.05497,51.871,-0.13,0.13,-0.76,-0.52
52.05618,51.872,0.4,0.4,-0.71,-0.71
52.05618,51.872,-0.13,0.13,-0.88,-0.62
52.07077,51.88414,-0.03,0.23,-1.16,-0.84
52.07638,51.8888,0.25,0.25,-0.57,-0.57
52.07638,51.8888,-0.25,0.01,-0.96,-0.68
52.1461,51.94676,-0.11,0.61,-0.16,-0.44
52.1461,51.94676,0.07,0.33,-0.8,-0.55
52.15282,51.95234,0.06,0.32,-0.71,-0.48
52.15566,51.9547,0.76,0.76,-0.89,-0.89
52.15566,51.9547,0.71,0.71,-0.76,-0.76
52.19577,51.98805,0.1,0.36,-0.89,-0.62
52.19577,51.98805,-0.44,0.28,-0.22,-0.5
52.24495,52.02893,0.07,0.33,-0.87,-0.6
52.24495,52.02893,-0.52,0.2,-0.22,-0.5
52.24623,52.03,0.07,0.07,-0.82,-0.82
52.24623,52.03,-0.34,-0.08,-0.67,-0.45
52.24623,52.03,0.23,0.23,-0.84,-0.84
52.24864,52.032,-0.25,0.01,-0.74,-0.51
52.25826,52.04,0.5,0.5,-0.44,-0.44
52.25826,52.04,0.04,0.3,-0.56,-0.36
52.29613,52.07148,-0.5,-0.23,-1.23,-0.89
52.29613,52.07148,-0.73,-0.01,-0.63,-0.91
52.34429,52.11152,-0.15,0.11,-0.98,-0.69
52.34429,52.11152,-0.54,0.18,-0.37,-0.65
52.35939,52.12407,0.26,0.26,-0.75,-0.75
52.39698,52.15532,-0.57,0.15,-0.29,-0.57
52.39698,52.15532,-0.01,0.25,-0.97,-0.69
52.43629,52.188,0.2,0.2,-0.66,-0.66
52.43629,52.188,-0.13,0.13,-0.7,-0.48
52.44665,52.19661,-0.06,0.2,-0.72,-0.49
52.44665,52.19661,-0.57,0.15,-0.34,-0.62
52.46566,52.21241,-0.12,0.14,-0.7,-0.47
52.49883,52.23999,-0.17,0.09,-0.88,-0.61
52.49883,52.23999,-0.93,-0.21,-0.53,-0.81
52.5475,52.28045,0.09,0.35,-0.94,-0.66
52.5475,52.28045,-0.56,0.16,-0.47,-0.75
52.56356,52.2938,0.25,0.25,-0.58,-0.58
52.56356,52.2938,-0.01,0.25,-0.43,-0.26
52.59566,52.32049,-0.32,-0.06,-1.04,-0.74
52.59566,52.32049,-0.79,-0.07,-0.47,-0.75
52.61552,52.337,0.03,0.03,-0.53,-0.53
52.61552,52.337,-0.17,0.09,-0.45,-0.28
52.62033,52.341,-0.37,-0.11,-0.93,-0.66
52.62635,52.346,0.27,0.27,-0.84,-0.84
52.62635,52.346,-0.2,0.06,-0.99,-0.7
52.63738,52.35517,-0.15,0.11,-0.68,-0.46
52.64683,52.36303,-0.06,0.2,-0.8,-0.55
52.64683,52.36303,-0.67,0.05,-0.27,-0.55
52.66586,52.379,0.74,0.74,0.02,0.02
52.66586,52.379,0.19,0.45,-0.51,-0.32
52.66586,52.379,0.88,0.88,0.04,0.04
52.67896,52.39,0.23,0.23,-0.84,-0.84
52.68134,52.392,0.31,0.31,-0.72,-0.72
52.68134,52.392,-0.17,0.09,-0.95,-0.67
52.71111,52.417,0.48,0.48,-0.46,-0.46
52.71111,52.417,0.07,0.33,-0.35,-0.2
52.71111,52.417,0.46,0.46,-0.41,-0.41
52.72632,52.42978,-0.12,0.14,-0.69,-0.47
52.72777,52.431,0.35,0.35,-0.55,-0.55
52.72777,52.431,-0.12,0.14,-0.61,-0.4
52.73845,52.43997,-0.21,0.05,-0.6,-0.39
52.73845,52.43997,-0.4,0.32,-0.14,-0.42
52.74717,52.44729,-0.52,0.2,-0.51,-0.79
52.74717,52.44729,-0.22,0.04,-1,-0.71
52.75754,52.456,0.35,0.35,-0.46,-0.46
52.75754,52.456,0.04,0.3,-0.55,-0.36
52.75754,52.456,0.35,0.35,-0.47,-0.47
52.77016,52.4666,0.17,0.43,-0.34,-0.19
52.7873,52.481,0.17,0.17,-0.84,-0.84
52.7873,52.481,-0.25,0.01,-0.77,-0.53
52.79782,52.48983,-0.37,0.35,-0.09,-0.37
52.79782,52.48983,0.14,0.41,-0.79,-0.54
52.81588,52.505,-0.06,-0.06,-0.63,-0.63
52.81707,52.506,0.09,0.09,-0.73,-0.73
52.81707,52.506,-0.41,-0.15,-0.81,-0.56
52.84446,52.529,0.26,0.26,-0.56,-0.56
52.84446,52.529,0.36,0.36,-0.6,-0.6
52.84446,52.529,-0.19,0.07,-0.74,-0.51
52.845,52.52946,-0.32,0.4,-0.3,-0.58
52.845,52.52946,0.04,0.3,-0.85,-0.59
52.84922,52.533,0.38,0.38,-0.46,-0.46
52.85279,52.536,0.19,0.19,-0.64,-0.64
52.85279,52.536,-0.27,-0.01,-0.76,-0.52
52.87779,52.557,0.15,0.15,-0.93,-0.93
52.87779,52.557,-0.17,0.09,-0.47,-0.29
52.89516,52.57159,-0.52,0.2,-0.38,-0.66
52.89516,52.57159,-0.17,0.09,-1.03,-0.73
52.90756,52.582,0.39,0.39,-0.59,-0.59
52.90756,52.582,-0.07,0.19,-0.67,-0.45
52.93613,52.606,-1.02,-0.76,-1.37,-1
52.94482,52.6133,-0.56,0.16,-0.35,-0.63
52.94482,52.6133,-0.27,-0.01,-1.04,-0.74
52.95179,52.61914,-0.22,0.04,-1.16,-0.84
52.95876,52.625,0.09,0.09,-0.44,-0.44
52.95995,52.626,-0.23,-0.23,-0.78,-0.78
52.95995,52.626,-0.71,-0.45,-0.9,-0.63
52.9642,52.62957,-0.43,0.29,-0.25,-0.53
52.9642,52.62957,-0.2,0.06,-0.89,-0.62
52.98852,52.65,0.16,0.16,-0.79,-0.79
52.98852,52.65,-0.29,-0.03,-0.81,-0.56
52.99925,52.65901,-0.27,-0.01,-0.67,-0.45
53.01373,52.67116,0.49,0.49,-0.5,-0.5
53.01714,52.67403,0.98,1.24,-0.44,-0.27
53.0326,52.687,0.41,0.41,-0.61,-0.61
53.0326,52.687,-0.08,0.19,-0.69,-0.47
53.03611,52.68995,-0.15,0.11,-0.79,-0.54
53.0429,52.69564,0.27,0.27,-0.75,-0.75
53.0429,52.69564,0.27,0.27,-1.05,-1.05
53.05262,52.70381,0.26,0.26,-0.56,-0.56
53.05262,52.70381,0.47,0.47,-0.38,-0.38
53.06853,52.71716,-0.52,0.2,NaN,NaN
53.06853,52.71716,NaN,NaN,-0.89,-0.62
53.08979,52.735,0.25,0.25,-0.66,-0.66
53.08979,52.735,-0.22,0.04,-0.8,-0.56
53.10704,52.74948,-0.44,-0.18,-0.69,-0.47
53.11832,52.759,0.38,0.38,-0.5,-0.5
53.11832,52.759,-0.03,0.23,-0.61,-0.4
53.12155,52.76179,-0.23,0.49,-0.14,-0.42
53.12155,52.76179,0.11,0.37,-0.73,-0.5
53.12842,52.76771,0.35,0.35,-0.62,-0.62
53.12842,52.76771,0.09,0.35,-0.65,-0.43
53.12842,52.76771,0.22,0.48,-0.58,-0.38
53.12991,52.769,0.04,0.3,-0.43,-0.26
53.16748,52.80141,-0.58,0.14,-0.36,-0.64
53.16748,52.80141,0.01,0.27,-0.78,-0.54
53.16931,52.80298,0.52,0.78,-0.28,-0.15
53.18567,52.817,0.12,0.12,-0.73,-0.73
53.18567,52.817,-0.35,-0.09,-0.77,-0.53
53.20083,52.83,-0.04,-0.04,-0.81,-0.81
53.20083,52.83,-0.43,-0.17,-0.75,-0.51
53.21712,52.84396,-0.29,-0.03,-0.99,-0.7
53.21712,52.84396,-0.69,0.03,-0.44,-0.72
53.2308,52.85569,-0.18,-0.18,-0.72,-0.72
53.2308,52.85569,-0.72,-0.46,-0.98,-0.69
53.2308,52.85569,-0.3,-0.04,-0.72,-0.49
53.25566,52.877,-0.22,0.04,-0.53,-0.34
53.25683,52.878,-0.43,-0.17,-0.72,-0.49
53.26481,52.88484,-0.6,0.12,-0.28,-0.56
53.26481,52.88484,-0.15,0.11,-0.93,-0.65
53.286,52.903,-0.55,-0.55,-1.42,-1.42
53.29097,52.90723,0.39,0.39,-0.35,-0.35
53.29097,52.90723,0,0.26,-0.39,-0.23
53.30345,52.91784,-0.48,0.24,-0.33,-0.61
53.31173,52.92488,-0.52,-0.26,-1.17,-0.85
53.31173,52.92488,-0.64,0.08,-0.48,-0.76
53.31422,52.927,0.46,0.46,-0.5,-0.5
53.31539,52.928,0.53,0.53,-0.36,-0.36
53.31539,52.928,0.16,0.42,-0.43,-0.26
53.3295,52.94,0.42,0.42,-0.97,-0.97
53.36272,52.96826,-1.16,-0.44,-0.62,-0.9
53.36272,52.96826,-0.61,-0.35,-1.17,-0.85
53.37418,52.978,0.09,0.35,-0.43,-0.26
53.37653,52.98,0.35,0.35,-0.46,-0.46
53.37653,52.98,-0.14,0.12,-0.64,-0.43
53.40833,53.00705,-0.06,0.2,-0.79,-0.54
53.40833,53.00705,-0.62,0.1,-0.34,-0.62
53.43531,53.03,0.15,0.15,-0.67,-0.67
53.43649,53.031,0.42,0.42,-0.54,-0.54
53.43649,53.031,-0.03,0.23,-0.7,-0.47
53.43677,53.03124,-0.84,-0.12,-0.69,-0.97
53.43677,53.03124,0.06,0.32,-0.77,-0.53
53.45064,53.04304,0.35,NaN,-0.21,NaN
53.45432,53.04617,0.69,0.69,-0.42,-0.42
53.45432,53.04617,0.82,1.06,-0.31,-0.34
53.45801,53.04931,0.8,NaN,-0.59,NaN
53.4617,53.05244,0.45,NaN,-0.25,NaN
53.46538,53.05558,0.66,0.66,-0.38,-0.38
53.46538,53.05558,-0.14,0.58,-0.49,-0.77
53.46906,53.0587,0.06,NaN,-0.8,NaN
53.47293,53.062,0.18,0.18,-0.54,-0.54
53.48012,53.06811,0.47,0.73,-0.1,0
53.48381,53.07125,0.32,NaN,0.07,NaN
53.48381,53.07125,0.37,0.63,-0.34,-0.19
53.48749,53.07438,0.31,NaN,0.19,NaN
53.48749,53.07438,0.53,0.79,-0.1,0
53.49118,53.07752,0.21,0.47,-0.36,-0.2
53.49485,53.08065,0.44,0.7,-0.2,-0.08
53.49854,53.08378,0.37,0.63,-0.21,-0.09
53.50223,53.08692,0.29,0.55,-0.26,-0.13
53.51437,53.09725,0.1,0.1,-0.63,-0.63
53.51643,53.099,-0.15,-0.15,-0.84,-0.84
53.52455,53.10591,-0.14,0.12,-0.79,-0.54
53.53337,53.11341,-0.07,0.19,-0.9,-0.63
53.53337,53.11341,-0.63,0.09,-0.2,-0.48
53.54466,53.12301,-0.18,0.08,-0.9,-0.63
53.56771,53.14261,-0.09,0.17,-0.85,-0.59
53.56934,53.144,0.31,0.31,-0.45,-0.45
53.58195,53.15472,0.12,0.12,-0.47,-0.47
53.58195,53.15472,-0.19,0.07,-0.59,-0.39
53.58195,53.15472,0.03,0.29,-0.45,-0.28
53.58462,53.157,-0.45,-0.45,-0.9,-0.9
53.58487,53.15721,-0.02,0.24,-0.87,-0.61
53.58487,53.15721,-0.58,0.14,-0.32,-0.6
53.58921,53.1609,0.49,0.49,-0.4,-0.4
53.58921,53.1609,-0.15,0.11,-0.45,-0.28
53.5901,53.16166,-0.85,NaN,-0.6,NaN
53.5901,53.16166,-0.31,-0.05,-0.65,-0.43
53.59124,53.16263,0.13,0.39,-0.73,-0.5
53.60138,53.17125,0.42,0.42,-0.66,-0.66
53.62765,53.1936,-0.37,-0.11,-0.6,-0.39
53.63145,53.19683,0,0.26,-0.82,-0.56
53.64576,53.209,0.46,0.46,-0.49,-0.49
53.67951,53.23771,-0.86,-0.14,-0.31,-0.59
53.67951,53.23771,0.03,0.29,-0.72,-0.49
53.69766,53.25315,-0.14,0.12,-0.9,-0.63
53.69925,53.2545,0.63,0.63,-0.34,-0.34
53.70689,53.261,0.59,0.59,-0.46,-0.46
53.7261,53.27734,-0.53,0.19,-0.07,-0.35
53.7261,53.27734,-0.33,-0.07,-1.04,-0.75
53.74275,53.2915,0.32,0.58,-0.31,-0.16
53.74277,53.29152,-0.32,-0.06,-0.89,-0.62
53.75251,53.2998,0.03,0.29,-0.46,-0.29
53.75251,53.2998,-0.19,0.07,-0.47,-0.29
53.76484,53.31029,-0.62,-0.36,-1.17,-0.84
53.76803,53.313,0.39,0.39,-0.48,-0.48
53.77808,53.32155,-0.12,0.14,-0.8,-0.55
53.77808,53.32155,-0.86,-0.14,-0.3,-0.58
53.81041,53.349,0.34,0.34,-0.5,-0.5
53.81644,53.354,-0.33,-0.33,-1.14,-1.14
53.81805,53.35534,-0.51,0.21,-0.01,-0.29
53.81805,53.35534,-0.25,0.01,-1.01,-0.72
53.81884,53.356,-0.37,-0.37,-0.85,-0.85
53.81884,53.356,-0.87,-0.61,-1.04,-0.74
53.81956,53.35659,-0.12,0.14,-0.7,-0.47
53.82246,53.359,0.25,0.25,-0.54,-0.54
53.83451,53.369,-0.57,-0.57,-0.94,-0.94
53.84013,53.37366,0.41,0.41,-0.74,-0.74
53.84054,53.374,0.48,0.48,-0.51,-0.51
53.84656,53.379,0.44,0.44,-0.48,-0.48
53.85328,53.38457,-0.07,0.19,-0.45,-0.28
53.8653,53.39455,-0.13,0.13,-0.16,-0.05
53.86781,53.39663,-0.17,0.09,-0.96,-0.68
53.87226,53.40032,0.56,0.56,-0.67,-0.67
53.87233,53.40039,0.07,0.33,-0.46,-0.28
53.87846,53.40546,-0.65,0.07,-0.43,-0.71
53.89017,53.41519,0.62,0.62,-0.55,-0.55
53.91003,53.43167,-0.55,-0.29,-0.99,-0.7
53.9278,53.44641,0.41,0.41,-0.33,-0.33
53.9278,53.44641,0.48,0.48,-0.25,-0.25
53.93013,53.44835,-0.95,-0.23,-0.52,-0.8
53.93013,53.44835,-0.33,-0.07,-1.15,-0.83
53.94161,53.45787,0.28,0.54,-0.48,-0.3
54.00352,53.50925,-0.14,0.12,-0.88,-0.62
54.0427,53.54176,-1.04,-0.78,-1.18,-0.85
54.0427,53.54176,0.68,0.68,-0.26,-0.26
54.04474,53.54345,0.18,0.44,-0.56,-0.36
54.0473,53.54558,0.25,0.51,NaN,NaN
54.0548,53.5518,-0.04,0.22,-0.81,-0.56
54.08034,53.57299,-0.06,0.2,-0.71,-0.48
54.09249,53.58308,0.08,0.34,-0.6,-0.39
54.10657,53.59476,-0.01,0.25,-0.81,-0.56
54.11897,53.60505,0.3,0.56,-0.51,-0.32
54.13785,53.62071,0.07,0.33,-0.42,-0.25
54.15457,53.63459,0.19,0.45,-0.56,-0.36
54.15482,53.6348,0.23,0.49,-0.36,-0.2
54.15683,53.63647,0.13,0.39,-0.72,-0.49
54.17227,53.64928,-1.54,-1.54,-0.66,-0.66
54.18096,53.65649,0.18,0.44,-0.95,-0.67
54.19219,53.66581,0.26,0.52,-0.36,-0.2
54.19906,53.67151,0.28,0.54,-0.52,-0.33
54.20559,53.67693,0.26,0.52,-0.64,-0.43
54.21363,53.68361,0.29,0.55,-0.65,-0.43
54.23083,53.69787,0.4,0.4,-0.26,-0.26
54.23173,53.69862,0.27,0.53,-0.61,-0.4
54.23639,53.70248,0.23,0.23,-0.73,-0.73
54.23639,53.70248,0.32,0.32,-0.25,-0.25
54.23639,53.70248,0.06,0.32,-0.43,-0.26
54.25105,53.71465,0.74,0.74,-0.41,-0.41
54.25105,53.71465,1.11,1.37,-0.04,0.05
54.25686,53.71947,0.21,0.47,-0.6,-0.4
54.26738,53.7282,1.63,1.89,0.01,0.09
54.26845,53.72909,0.65,0.65,-0.11,-0.11
54.30603,53.76028,0.63,0.63,-0.41,-0.41
54.30603,53.76028,1.01,1.27,-0.14,-0.03
54.3071,53.76116,0.78,0.78,-0.09,-0.09
54.30763,53.7616,0.16,0.42,-0.63,-0.41
54.32412,53.77529,0.99,0.99,-0.14,-0.14
54.32412,53.77529,0.4,0.66,-0.12,-0.01
54.33025,53.78037,0.13,0.39,-0.65,-0.43
54.34472,53.79238,0.7,0.7,-0.15,-0.15
54.35341,53.79959,1.11,1.37,-0.04,0.05
54.35689,53.80248,-0.02,0.24,-0.78,-0.54
54.3589,53.80415,-0.18,0.08,-0.7,-0.47
54.38335,53.82444,0.51,0.51,-0.55,-0.55
54.40774,53.84468,0.34,0.34,-0.75,-0.75
54.44162,53.87279,0.81,1.05,-0.3,-0.33
54.44182,53.87296,0.64,0.9,-0.13,-0.02
54.45663,53.88525,0.86,1.12,-0.07,0.02
54.45963,53.88773,0.78,0.78,-0.19,-0.19
54.46546,53.89257,0.06,0.32,-0.88,-0.61
54.48557,53.90926,-0.19,0.07,-0.87,-0.61
54.49725,53.91895,0.75,0.75,-0.26,-0.26
54.49964,53.92094,0.96,1.22,-0.32,-0.17
54.50618,53.92636,-0.13,0.13,-1.05,-0.75
54.51296,53.93199,0.59,0.85,-0.42,-0.25
54.52555,53.94244,0.34,0.34,-0.66,-0.66
54.53249,53.9482,0.63,0.63,-0.1,-0.1
54.53249,53.9482,0.22,0.48,-0.16,-0.05
54.57352,53.98224,0.99,0.99,-0.29,-0.29
54.58753,53.99387,0.65,0.91,-0.36,-0.2
54.58854,53.99471,0.65,0.91,-0.14,-0.03
54.60319,54.00686,0.18,0.44,-0.6,-0.39
54.61022,54.0127,0.13,0.39,-0.92,-0.65
54.61216,54.01431,0.64,0.9,-0.18,-0.06
54.61827,54.01937,-0.06,0.2,-1.04,-0.74
54.63508,54.03333,0.39,0.65,-0.32,-0.17
54.63585,54.03396,0.48,0.74,-0.35,-0.2
54.63636,54.03439,0.39,0.65,-0.43,-0.26
54.64775,54.04384,0.91,0.91,-0.21,-0.21
54.65697,54.05149,0.32,0.58,-0.72,-0.49
54.65865,54.05289,0.78,0.78,-0.15,-0.15
54.67548,54.06686,0.64,0.64,-0.28,-0.28
54.67909,54.06985,0.41,0.67,-0.45,-0.28
54.68537,54.07506,0.95,1.21,-0.18,-0.06
54.69216,54.08069,0.36,0.62,-0.65,-0.43
54.70052,54.08763,0.42,0.68,-0.38,-0.22
54.72116,54.10476,1.19,1.19,0.31,0.31
54.72116,54.10476,0.47,0.73,-0.38,-0.22
54.72903,54.11129,0.81,0.81,0.04,0.04
54.72903,54.11129,1.04,1.3,-0.07,0.03
54.72903,54.11129,1.33,1.33,0.02,0.02
54.73237,54.11406,0.49,0.75,-0.42,-0.25
54.7504,54.12902,0.52,0.78,-0.74,-0.5
54.76001,54.137,0.37,0.63,-0.76,-0.52
54.76164,54.13835,1.17,1.17,-0.12,-0.12
54.76164,54.13835,1.23,1.23,-0.11,-0.11
54.76705,54.14284,0.45,0.71,-0.54,-0.35
54.78258,54.15573,0.88,1.14,-0.06,0.04
54.79329,54.16461,0.35,0.35,-0.24,-0.24
54.7942,54.16537,0.35,0.61,-0.74,-0.5
54.80028,54.17041,1.01,1.01,-0.4,-0.4
54.80724,54.17619,0.6,0.86,-0.1,0
54.81129,54.17955,0.61,0.87,-0.42,-0.25
54.8234,54.1896,0.59,0.85,-0.42,-0.25
54.8334,54.1979,0.56,0.82,-0.44,-0.27
54.83613,54.20016,0.49,0.75,-0.67,-0.45
54.83791,54.20164,1.08,1.08,-0.17,-0.17
54.84396,54.20666,0.46,0.72,-0.44,-0.27
54.85755,54.21793,0.84,0.84,-0.24,-0.24
54.86586,54.22483,1.19,1.45,-0.37,-0.21
54.86959,54.22793,0.41,0.67,-0.77,-0.53
54.87514,54.23254,0.61,0.87,-0.57,-0.37
54.87654,54.2337,0.86,0.86,-0.49,-0.49
54.88134,54.23768,0.57,0.83,-0.14,-0.03
54.89221,54.2467,0.54,0.8,-0.61,-0.4
54.91182,54.26297,0.78,1.04,-0.42,-0.25
54.91417,54.26492,1,1.26,-0.07,0.02
54.92181,54.27126,0.88,0.88,-0.55,-0.55
54.94097,54.28716,0.7,0.96,-0.64,-0.43
54.95282,54.29699,1.15,1.15,-0.27,-0.27
54.95454,54.29842,0.35,0.61,-0.76,-0.52
54.96661,54.30843,0.53,0.79,-0.64,-0.43
54.97465,54.31511,0.51,0.77,-0.66,-0.44
54.9794,54.31905,0.55,0.81,-0.43,-0.26
54.98133,54.32065,1.07,1.33,-0.34,-0.19
54.98571,54.32428,0.51,0.77,-0.51,-0.32
54.98839,54.32651,1.26,1.26,0.08,0.08
54.98839,54.32651,0.04,0.28,0.01,0.04
54.98839,54.32651,0.9,1.16,-0.18,-0.06
54.99044,54.32821,0.86,1.12,-0.39,-0.23
54.99044,54.32821,1.12,1.12,-0.05,-0.05
54.99677,54.33347,1.02,1.02,-0.13,-0.13
55.00481,54.34013,0.49,0.75,-0.69,-0.47
55.01385,54.34764,0.52,0.78,-0.63,-0.42
55.01688,54.35015,0,0,-0.44,-0.44
55.0239,54.35598,0.64,0.9,-0.38,-0.22
55.02908,54.36028,0.87,0.87,-0.57,-0.57
55.03094,54.36182,0.15,0.41,-1,-0.71
55.03214,54.36282,0.98,1.24,-0.28,-0.14
55.03445,54.36473,1.06,1.32,-0.26,-0.13
55.05005,54.37767,0.41,0.67,-0.76,-0.52
55.06548,54.39048,0.14,0.4,-0.59,-0.39
55.0667,54.39149,1.17,1.17,-0.27,-0.27
55.0667,54.39149,1.17,1.17,-0.36,-0.36
55.0667,54.39149,0.9,1.16,-0.34,-0.19
55.07367,54.39728,-0.66,-0.4,-1.2,-0.87
55.08473,54.40645,0.29,0.55,-0.98,-0.69
55.09169,54.41223,0.85,0.85,-0.26,-0.26
55.09504,54.41501,0.33,0.59,-0.98,-0.69
55.09504,54.41501,0.57,0.83,-0.6,-0.39
55.10142,54.4203,1.09,1.35,-0.37,-0.21
55.10484,54.42314,0.51,0.77,-0.77,-0.53
55.10534,54.42356,1.08,1.08,-0.47,-0.47
55.10534,54.42356,1.06,1.06,-0.26,-0.26
55.14093,54.45309,0.83,1.09,-0.43,-0.26
55.15156,54.46191,1.13,1.13,0.15,0.15
55.15325,54.46331,0.69,0.95,-0.32,-0.17
55.15844,54.46762,1.41,1.41,0.12,0.12
55.15844,54.46762,1.02,NaN,0.26,NaN
55.15844,54.46762,-0.03,NaN,-0.01,NaN
55.15844,54.46762,0.79,NaN,0,NaN
55.15844,54.46762,0.69,1.41,0.23,-0.05
55.17068,54.47778,0.73,0.99,-0.49,-0.31
55.17516,54.48149,-0.07,NaN,-0.18,NaN
55.17516,54.48149,1.22,1.46,-0.23,-0.24
55.17856,54.48432,0.81,1.07,-0.51,-0.32
55.18124,54.48654,0.53,0.79,-0.82,-0.57
55.18917,54.49313,1.15,1.41,-0.03,0.06
55.1933,54.49655,0.22,0.48,-1.08,-0.77
55.20587,54.50698,0.46,0.72,-0.78,-0.54
55.21017,54.51055,0.98,0.98,-0.49,-0.49
55.21642,54.51574,0.55,0.81,-0.95,-0.67
55.22497,54.52283,0.5,0.76,-0.99,-0.7
55.23534,54.53143,1.56,1.56,0.11,0.11
55.23534,54.53143,1.03,NaN,0.29,NaN
55.23534,54.53143,0.12,NaN,-0.08,NaN
55.23534,54.53143,0.69,NaN,0.26,NaN
55.23534,54.53143,1.04,1.76,0.34,0.06
55.23534,54.53143,1.17,1.43,0.24,0.27
55.23763,54.53333,1.16,1.16,0.24,0.24
55.23954,54.53492,0.54,0.8,-1.01,-0.72
55.25482,54.5476,1.05,1.31,-0.15,-0.04
55.28127,54.56955,0.67,0.93,-0.77,-0.53
55.29347,54.57967,1.05,1.05,-0.53,-0.53
55.29601,54.58178,1.07,1.33,-0.35,-0.2
55.29601,54.58178,0.73,NaN,-0.15,NaN
55.29601,54.58178,0.53,NaN,-0.24,NaN
55.29601,54.58178,1.88,1.88,-0.03,-0.03
55.30847,54.59212,1.07,1.07,-0.42,-0.42
55.3237,54.60476,1.36,1.36,0.08,0.08
55.3237,54.60476,0.92,1.18,-0.02,0.06
55.32774,54.6081,0.96,1.22,-0.25,-0.12
55.3306,54.61048,1.22,NaN,0.27,NaN
55.3306,54.61048,0.55,NaN,0.07,NaN
55.3306,54.61048,1.31,NaN,0.22,NaN
55.3306,54.61048,0.78,1.5,0.36,0.08
55.3306,54.61048,1.34,1.6,-0.02,0.06
55.3316,54.61131,1.09,1.09,-0.39,-0.39
55.33949,54.61786,0.31,0.57,-0.49,-0.31
55.37279,54.64549,2.03,2.03,-0.99,-0.99
55.37279,54.64549,0.48,NaN,-0.3,NaN
55.37279,54.64549,1.81,2.07,-0.04,0.05
55.37279,54.64549,1.12,NaN,0.07,NaN
55.39396,54.66306,0.88,1.14,-0.52,-0.33
55.39466,54.66364,1.32,1.58,0.05,0.12
55.39675,54.66537,1.36,1.62,-0.02,0.06
55.40736,54.67418,1.22,1.22,-0.34,-0.34
55.40736,54.67418,1.05,1.31,-0.05,0.04
55.41323,54.67905,1,NaN,0.61,NaN
55.41323,54.67905,0.27,NaN,0.17,NaN
55.41323,54.67905,0.61,NaN,0.4,NaN
55.41323,54.67905,1.1,1.36,0.13,0.18
55.41491,54.68045,1.24,1.5,-0.11,-0.01
55.44215,54.70304,1.08,1.08,-0.12,-0.12
55.44215,54.70304,1.32,1.58,-0.18,-0.06
55.44412,54.70469,0.6,0.86,-0.76,-0.52
55.44601,54.70625,0.92,1.18,-0.39,-0.23
55.44854,54.70835,0.66,NaN,0.02,NaN
55.44854,54.70835,1.26,1.52,-0.38,-0.22
55.46009,54.71794,1.13,1.13,-0.36,-0.36
55.46009,54.71794,0.21,NaN,-0.19,NaN
55.46897,54.72531,2.11,2.83,0.32,0.04
55.46897,54.72531,1.8,2.04,0,0.03
55.46897,54.72531,2.08,2.08,0.36,0.36
55.47871,54.73339,1.1,1.1,-0.39,-0.39
55.48152,54.73572,0.31,1.03,0.03,-0.25
55.48362,54.73746,0.9,1.16,-0.39,-0.23
55.49037,54.74306,0.51,0.77,NaN,NaN
55.49081,54.74343,1.1,1.36,-0.3,-0.16
55.50504,54.75524,-0.36,NaN,-0.25,NaN
55.50504,54.75524,-0.85,NaN,0.49,NaN
55.50504,54.75524,-0.95,NaN,-0.98,NaN
55.50796,54.75766,0.51,0.77,-0.93,-0.65
55.51084,54.76005,1.02,1.02,-0.51,-0.51
55.5148,54.76334,1.01,1.01,-0.29,-0.29
55.5148,54.76334,1.09,1.35,-0.18,-0.06
55.52227,54.76953,1.04,1.3,-0.22,-0.09
55.52481,54.77164,0.82,NaN,0.86,NaN
55.52481,54.77164,1.36,1.62,-0.08,0.02
55.52806,54.77434,0.46,0.72,-0.89,-0.62
55.53226,54.77782,0.61,0.61,NaN,NaN
55.53862,54.7831,0.43,0.69,-1.03,-0.73
55.54297,54.78671,1.09,1.35,-0.29,-0.15
55.55841,54.79952,1.04,1.04,-0.19,-0.19
55.55989,54.80075,0.97,1.23,-0.14,-0.03
55.56646,54.8062,1.74,2,0.13,0.18
55.6031,54.83661,1.45,1.71,0.15,0.2
55.61919,54.84996,0.89,0.89,-0.04,-0.04
55.61919,54.84996,0.39,0.65,-0.13,-0.02
55.62344,54.85349,0.56,0.82,-0.2,-0.08
55.62865,54.85781,-1.09,-0.83,-1.06,-0.76
55.62954,54.85855,0.63,0.89,-0.11,-0.01
55.63666,54.86446,1.17,1.43,-0.34,-0.19
55.63666,54.86446,-0.32,NaN,-0.77,NaN
55.63971,54.86699,0.47,0.73,-0.32,-0.17
55.64006,54.86728,0.78,1.5,0.56,0.28
55.64378,54.87037,0.53,0.79,-0.16,-0.05
55.64835,54.87416,0.55,0.81,-0.23,-0.11
55.65293,54.87796,0.41,0.67,-0.31,-0.16
55.65396,54.87881,1.58,1.84,-0.78,-0.54
55.65396,54.87881,-0.11,0.61,0.23,-0.05
55.65396,54.87881,-0.39,NaN,-0.67,NaN
55.65955,54.88345,0.41,0.67,-0.3,-0.16
55.66227,54.88571,0.18,0.44,-0.68,-0.46
55.66698,54.88961,0.82,1.08,-0.29,-0.15
55.67124,54.89315,0.33,0.59,-0.36,-0.2
55.67124,54.89315,0.33,0.59,-0.36,-0.2
55.67521,54.89645,0.41,1.13,0.25,-0.03
55.67531,54.89653,-1.1,NaN,-0.91,NaN
55.67531,54.89653,1.67,1.93,-0.25,-0.12
55.67531,54.89653,0.22,NaN,0.2,NaN
55.67531,54.89653,0.44,NaN,0.16,NaN
55.67768,54.8985,0.82,1.08,-0.14,-0.03
55.68446,54.90412,0.52,0.78,0.03,0.1
55.69056,54.90918,0.25,0.51,-0.41,-0.25
55.6917,54.91013,0.51,0.51,-0.44,-0.44
55.69197,54.91035,-1.47,-1.21,-1.5,-1.11
55.69495,54.91282,-0.21,0.05,-1.21,-0.88
55.69513,54.91298,0.32,0.58,-0.31,-0.17
55.69822,54.91554,0.76,1.02,-0.11,-0.01
55.69971,54.91678,0.34,0.6,-0.12,-0.02
55.70052,54.91745,0.38,1.1,0.22,-0.06
55.70268,54.91924,0.77,1.03,-0.21,-0.09
55.70685,54.9227,0.48,1.2,0.4,0.12
55.70685,54.9227,0.36,1.08,0.28,0
55.7093,54.92474,0.3,1.02,0.32,0.04
55.71003,54.92534,0.61,0.61,-0.27,-0.27
55.71293,54.92775,0.77,1.03,-0.71,-0.48
55.71293,54.92775,-1.38,NaN,-0.69,NaN
55.7134,54.92814,0.65,0.91,-0.32,-0.17
55.71387,54.92853,0.24,0.96,0.14,-0.14
55.71432,54.9289,0.54,0.54,-0.38,-0.38
55.71497,54.92944,0.11,0.37,-0.46,-0.29
55.72091,54.93437,0.09,0.81,0.22,-0.06
55.72157,54.93492,0.1,0.36,-0.37,-0.21
55.72502,54.93778,0,0,-1.16,-1.16
55.72503,54.93779,1.05,1.05,-0.22,-0.22
55.7292,54.94125,NaN,NaN,-0.05,0.04
55.73073,54.94252,0.06,NaN,-0.24,NaN
55.73073,54.94252,0.54,0.8,-0.53,-0.34
55.73146,54.94312,0.49,1.21,0.34,0.06
55.73574,54.94668,0.68,0.68,-0.45,-0.45
55.73582,54.94674,-0.2,0.06,0.58,0.54
55.73848,54.94895,-0.06,0.66,-0.03,-0.31
55.73988,54.95011,0.05,0.31,-0.44,-0.27
55.74169,54.95161,0.38,0.38,-0.45,-0.45
55.74169,54.95161,0.23,0.23,-0.47,-0.47
55.74305,54.95274,-0.04,0.68,0.01,-0.27
55.74375,54.95332,0.29,0.55,-0.45,-0.28
55.74552,54.95479,-0.14,0.58,-0.24,-0.52
55.74728,54.95625,0.05,0.77,0.05,-0.23
55.74751,54.95644,-0.47,-0.21,-0.83,-0.58
55.74751,54.95644,-0.47,-0.21,-0.83,-0.58
55.74784,54.95672,-0.03,0.23,-0.93,-0.65
55.75056,54.95897,NaN,NaN,-0.66,-0.44
55.75209,54.96024,-1.26,NaN,-0.39,NaN
55.75209,54.96024,-0.03,0.23,-0.77,-0.53
55.75209,54.96024,-1.89,NaN,-0.87,NaN
55.75209,54.96024,-0.65,NaN,-0.49,NaN
55.75359,54.96149,-0.19,0.53,0.07,-0.21
55.75473,54.96243,0.15,0.41,-0.38,-0.22
55.75524,54.96286,-1.23,NaN,-1.25,NaN
55.75524,54.96286,-0.65,NaN,-0.79,NaN
55.75564,54.96319,-0.85,-0.59,-0.99,-0.7
55.75716,54.96445,0.25,0.25,-0.54,-0.54
55.75782,54.965,-0.2,0.52,0.04,-0.24
55.75835,54.96544,-0.76,-0.76,-2.59,-2.59
55.75835,54.96544,0.26,0.26,-0.85,-0.85
55.75835,54.96544,-0.07,-0.07,-0.49,-0.49
55.75835,54.96544,-0.45,NaN,-0.43,NaN
55.76072,54.9674,-0.18,0.08,-0.67,-0.45
55.76174,54.96825,-0.9,-0.64,-1.06,-0.76
55.76239,54.96879,-0.47,0.25,-0.12,-0.4
55.76239,54.96879,-0.32,0.4,-0.06,-0.34
55.76239,54.96879,-0.33,0.39,-0.04,-0.32
55.76581,54.97163,-1,-0.74,-1.16,-0.84
55.76591,54.97171,0.03,0.75,0.06,-0.22
55.76942,54.97462,0.02,0.74,0.19,-0.09
55.77039,54.97543,-1.16,-0.9,-1.32,-0.96
55.77188,54.97667,0.02,0.74,0.03,-0.25
55.77412,54.97852,-0.98,-0.72,-1.35,-0.99
55.77501,54.97926,-0.07,-0.07,-0.76,-0.76
55.77501,54.97926,0.32,0.32,-0.58,-0.58
55.77539,54.97958,-0.63,0.09,-0.16,-0.44
55.77597,54.98006,-1.15,-0.89,-1.4,-1.03
55.77891,54.9825,-0.59,0.13,-0.29,-0.57
55.78157,54.98471,-0.86,-0.6,-1.12,-0.8
55.78594,54.98833,-2.32,-1.6,-0.83,-1.11
55.7877,54.98979,-1.46,-0.74,-0.93,-1.21
55.7892,54.99104,-1.75,NaN,-1.45,NaN
55.7892,54.99104,-1.37,NaN,-0.98,NaN
55.7892,54.99104,-0.65,NaN,-0.53,NaN
55.7892,54.99104,-0.7,-0.44,-1.39,-1.02
55.79018,54.99185,-0.92,-0.66,-1.35,-0.99
55.79123,54.99272,-0.74,-0.48,-1.53,-1.13
55.79167,54.99309,1.47,1.47,0.02,0.02
55.79167,54.99309,-1.69,NaN,-1.01,NaN
55.79226,54.99358,-1.48,-0.76,-1.09,-1.37
55.79402,54.99504,-1.44,-0.72,-1.13,-1.41
55.79472,54.99562,-1.14,-0.42,-0.83,-1.12
55.79472,54.99562,-1.07,-0.35,-0.93,-1.21
55.79754,54.99796,-1.36,-0.64,-1.07,-1.35
55.7993,54.99942,-1.61,-0.89,-1.22,-1.5
55.8,55,1.13,1.13,0.11,0.11
55.80431,55.0045,0.45,1.17,0.28,0
55.80472,55.00493,1.12,1.38,-0.32,-0.17
55.80493,55.00515,0.78,1.04,-0.14,-0.03
55.80516,55.00539,1.57,1.83,0.15,0.2
55.80621,55.00649,1.8,2.06,0.29,0.31
55.80675,55.00705,1.16,1.88,0.53,0.25
55.80675,55.00705,1.85,2.11,0.06,0.13
55.80675,55.00705,0.51,NaN,-0.18,NaN
55.80675,55.00705,1.67,1.91,0.22,0.28
55.80675,55.00705,-0.49,NaN,0.28,NaN
55.80675,55.00705,1.61,1.87,0.01,0.09
55.80675,55.00705,1.65,1.91,0.08,0.14
55.8078,55.00815,0.8,1.06,-0.81,-0.56
55.8078,55.00815,0.6,0.86,-0.83,-0.58
55.80832,55.0087,1.58,1.84,0.09,0.15
55.80885,55.00925,1.3,1.56,0.07,0.14
55.80903,55.00944,0.04,0.04,-0.58,-0.58
55.80903,55.00944,-0.12,-0.12,-0.21,-0.21
55.80922,55.00963,0.73,1.45,0.54,0.26
55.80991,55.01036,1.45,1.71,0.04,0.11
55.81044,55.01091,1.59,1.85,0.21,0.25
55.81097,55.01146,1.54,1.8,0,0.08
55.8115,55.01202,1.62,1.88,0.1,0.16
55.81203,55.01257,1.64,1.9,0.01,0.09
55.81255,55.01312,1.56,1.82,0.27,0.29
55.81279,55.01336,1,1.26,-0.74,-0.5
55.81479,55.01545,-0.57,NaN,-0.31,NaN
55.81537,55.01606,0.88,1.6,0.22,-0.06
55.81619,55.01692,1.27,1.53,0.03,0.1
55.81678,55.01754,1.45,1.71,0.08,0.14
55.82087,55.02181,1.23,1.49,-0.32,-0.17
55.82471,55.02583,0.93,1.19,-0.13,-0.02
55.82471,55.02583,0.93,1.19,-0.13,-0.02
55.82502,55.02615,0.9,1.16,-0.02,0.06
55.82626,55.02744,1.4,1.66,-0.22,-0.09
55.82765,55.0289,0.63,1.35,0.3,0.02
55.82765,55.0289,0.78,1.5,0.38,0.1
55.82788,55.02914,1.25,1.51,0.02,0.1
55.82788,55.02914,1.11,1.35,0.09,0.13
55.82788,55.02914,0.18,NaN,0.02,NaN
55.8295,55.03083,0.61,1.33,0.46,0.18
55.83196,55.0334,0.95,1.21,0.19,0.23
55.8338,55.03532,0.72,1.44,0.58,0.3
55.83423,55.03577,1.23,1.49,0.26,0.29
55.83564,55.03725,0.91,1.63,0.58,0.3
55.83614,55.03777,1.28,1.28,0.02,0.02
55.84055,55.04237,0.42,0.68,-0.43,-0.26
55.84055,55.04237,1.26,1.26,-0.22,-0.22
55.84179,55.04367,0.57,1.29,0.19,-0.09
55.84338,55.04533,-0.92,NaN,-0.29,NaN
55.84444,55.04644,1.42,1.68,-0.03,0.06
55.84534,55.04738,NaN,NaN,0.02,0.09
55.84609,55.04817,0.75,1.47,0.51,0.23
55.84793,55.05009,0.76,1.48,0.44,0.16
55.84904,55.05125,1.13,1.39,-0.38,-0.22
55.85223,55.05459,0.9,1.62,0.5,0.22
55.85223,55.05459,1.05,1.77,0.67,0.39
55.85432,55.05677,0.8,1.06,0.04,0.11
55.85838,55.06101,0.94,1.66,0.51,0.23
55.86014,55.06285,1.58,1.84,0.21,0.24
55.86036,55.06308,1.53,1.79,-0.32,-0.17
55.86453,55.06744,0.87,1.59,0.53,0.25
55.86542,55.06837,1.47,1.47,-0.06,-0.06
55.86791,55.07097,1.07,1.33,0,0.08
55.87019,55.07335,1.18,1.42,0.08,0.12
55.87019,55.07335,1.47,1.73,0.08,0.14
55.87019,55.07335,0.97,NaN,0.32,NaN
55.87019,55.07335,1.62,1.88,0.07,0.14
55.87067,55.07386,0.78,1.5,0.08,-0.2
55.87473,55.0781,1.25,1.25,0.22,0.22
55.87473,55.0781,0.95,1.21,-0.1,0
55.87473,55.0781,1.25,1.25,0.22,0.22
55.88076,55.0844,1.57,1.83,0.07,0.13
55.88109,55.08475,0.86,1.12,-0.05,0.04
55.88658,55.09048,1.51,1.77,0.04,0.11
55.88685,55.09077,1.3,1.56,-0.07,0.02
55.89718,55.10156,1.55,1.81,0.07,0.14
55.90031,55.10484,1.15,1.41,-0.37,-0.21
55.90402,55.10871,1.2,1.46,-0.1,0
55.90402,55.10871,1.2,1.46,-0.1,0
55.90841,55.1133,1.47,1.47,0.08,0.08
55.90841,55.1133,0.93,1.19,-0.36,-0.2
55.91849,55.12383,1.25,1.51,-0.16,-0.05
55.91985,55.12525,0.41,0.41,0.24,0.24
55.91985,55.12525,1.08,1.34,0.12,0.17
55.92669,55.1324,0.43,NaN,0.2,NaN
55.92833,55.13412,1.44,1.7,-0.03,0.06
55.93362,55.13965,1.72,1.98,0.19,0.23
55.94297,55.14942,1.08,1.34,-0.32,-0.17
55.94736,55.15401,1.61,1.87,-0.08,0.02
55.94736,55.15401,-0.05,NaN,-0.35,NaN
55.94896,55.15567,1.72,1.98,0.34,0.35
55.9553,55.1623,1.6,1.86,0.23,0.26
55.95953,55.16672,1.26,1.52,-0.03,0.05
55.96429,55.1717,1.42,1.68,0.1,0.16
55.96746,55.17501,1.51,1.77,0.06,0.13
55.96746,55.17501,1.55,1.79,0.33,0.41
55.96746,55.17501,-0.76,NaN,-0.27,NaN
55.97116,55.17888,1.61,1.87,0.09,0.15
55.97539,55.1833,1.53,1.79,0.02,0.09
55.9757,55.18362,1.55,1.55,0.05,0.05
55.9757,55.18362,1.43,1.43,-0.07,-0.07
55.97872,55.18678,1.76,2.02,-1.87,-1.4
55.97953,55.18763,1.64,1.9,0.07,0.14
55.98333,55.19159,1.9,1.9,-0.02,-0.02
55.98333,55.19159,1.37,1.63,-0.22,-0.09
55.98333,55.19159,1.37,1.63,-0.22,-0.09
55.99971,55.20871,2.95,3.21,-0.24,-0.11
56.00317,55.21233,1.13,1.39,0.24,0.27
56.01345,55.22308,1.8,1.8,-0.19,-0.19
56.01345,55.22308,1.33,1.59,-0.35,-0.2
56.01625,55.226,1.58,1.58,0.22,0.22
56.02139,55.23137,1.89,2.15,-0.16,-0.05
56.02139,55.23137,2.04,2.04,0.12,0.12
56.02139,55.23137,-0.13,NaN,-0.28,NaN
56.04306,55.25402,1.54,1.8,-1.13,-0.81
56.05258,55.26397,1.68,1.94,-0.07,0.02
56.0568,55.26838,0.63,0.89,-0.49,-0.31
56.06118,55.27296,0.21,NaN,-0.19,NaN
56.08383,55.29662,2.19,2.45,0.3,0.31
56.09276,55.30596,1.53,1.79,-0.28,-0.14
56.0979,55.31133,2.19,NaN,0.28,NaN
56.0979,55.31133,1.51,1.75,0.5,0.61
56.10069,55.31425,1.94,2.18,0.23,0.3
56.10069,55.31425,2.84,3.1,-0.14,-0.03
56.10069,55.31425,2,2,0.01,0.01
56.10069,55.31425,0.73,NaN,-0.21,NaN
56.13188,55.34684,2.17,2.17,0.14,0.14
56.14328,55.35875,2.28,2.54,0.53,0.5
56.17207,55.38884,2.25,2.25,0.11,0.11
56.17943,55.39654,1.69,1.69,0.17,0.17
56.17943,55.39654,1.71,1.95,0.13,0.18
56.17943,55.39654,1.34,1.6,0.26,0.29
56.18,55.39713,1.73,1.97,0.23,0.3
56.18,55.39713,2.18,2.44,0.11,0.17
56.18,55.39713,2.39,2.39,0.23,0.23
56.18,55.39713,0.09,NaN,-0.2,NaN
56.21118,55.42972,2.33,2.33,0.07,0.07
56.25377,55.47423,1.32,1.58,-0.07,0.02
56.25982,55.48055,2.26,2.5,0.94,1.13
56.25982,55.48055,2.43,2.69,0.46,0.44
56.25982,55.48055,2.84,2.84,0.26,0.26
56.25982,55.48055,0.65,NaN,-0.23,NaN
56.26911,55.49026,2.18,2.44,0.35,0.36
56.26911,55.49026,1.07,1.31,0.3,0.38
56.29049,55.5126,2.26,2.26,0.22,0.22
56.29049,55.5126,1.92,2.18,-0.01,0.07
56.31586,55.53912,1.89,2.15,0.07,0.14
56.33596,55.56012,2.65,2.65,0.09,0.09
56.33596,55.56012,1.95,2.21,-0.12,-0.01
56.3386,55.56288,2.33,2.59,0.09,0.15
56.3386,55.56288,2.52,2.52,0.2,0.2
56.3386,55.56288,-0.18,NaN,-0.42,NaN
56.35357,55.57853,2.8,NaN,0.61,NaN
56.35357,55.57853,1.81,2.07,0.23,0.26
56.35357,55.57853,2.12,2.36,0.2,0.26
56.35414,55.57912,1.33,1.59,-0.05,0.04
56.35414,55.57912,1.66,1.66,-0.02,-0.02
56.37719,55.60321,1.9,1.9,-0.14,-0.14
56.41525,55.64299,1.69,1.95,-0.12,-0.01
56.4179,55.64576,1.97,2.21,0.34,0.43
56.4179,55.64576,1.87,2.13,0.07,0.14
56.44339,55.6724,1.48,1.74,0.22,0.25
56.45649,55.68609,2.06,2.32,-0.06,0.03
56.49456,55.72587,2.31,2.31,0.09,0.09
56.49456,55.72587,1.96,2.22,-0.12,-0.01
56.4972,55.72863,1.8,2.04,0.21,0.27
56.4972,55.72863,2.08,2.34,0.01,0.09
56.4972,55.72863,2.79,2.79,0.16,0.16
56.4972,55.72863,1.47,NaN,-0.06,NaN
56.55324,55.7872,2.03,2.03,-0.24,-0.24
56.55324,55.7872,1.77,2.03,-0.15,-0.04
56.5542,55.7882,1.5,1.76,-0.1,0
56.558,55.79218,1.95,2.21,-0.09,0.01
56.56943,55.80412,0.12,0.38,-0.47,-0.29
56.63413,55.87174,2.41,2.41,0.02,0.02
56.67529,55.91373,2.25,2.25,-0.24,-0.24
56.67687,55.91522,1.88,2.12,-0.29,-0.32
56.67687,55.91522,2.48,2.72,0.57,0.7
56.67687,55.91522,1.9,2.16,0.03,0.1
56.67687,55.91522,1.95,2.21,-0.1,0
56.68139,55.91949,1.62,1.88,0.13,0.18
56.70714,55.94385,1.5,1.76,-0.1,0
56.71853,55.95462,2.41,2.41,-0.18,-0.18
56.76292,55.9966,2.02,2.02,0.09,0.09
56.77435,56.0074,1.75,1.99,-0.02,0
56.77435,56.0074,1.77,2.03,0.13,0.18
56.79268,56.02474,2.07,2.31,-0.24,-0.26
56.80616,56.03749,2.16,2.16,-0.27,-0.27
56.85057,56.07948,2.18,2.18,0.01,0.01
56.85708,56.08564,2.42,2.42,0.33,0.33
56.85708,56.08564,1.7,2.42,0.53,0.25
56.85708,56.08564,2.42,2.42,0.33,0.33
56.85708,56.08564,2.02,2.28,0.12,0.17
56.85708,56.08564,2.01,2.25,0.17,0.23
56.88593,56.11292,1.66,NaN,0.24,NaN
56.88593,56.11292,0.68,0.94,-0.03,0.06
56.88593,56.11292,2.16,2.4,0.54,0.66
56.89381,56.12037,2.51,2.51,0.14,0.14
56.89441,56.12094,1.44,1.7,-0.01,0.07
56.91782,56.14307,1.67,1.93,0.07,0.14
56.93821,56.16236,2.59,2.59,0.07,0.07
56.95293,56.17628,2.06,2.32,0.25,0.28
56.96932,56.19177,2,2.26,0.4,0.4
56.96932,56.19177,1.84,2.1,-0.11,-0.01
56.97423,56.19642,1.49,NaN,0.43,NaN
56.97423,56.19642,1.35,NaN,0.47,NaN
56.97423,56.19642,1.4,1.66,0.33,0.34
56.97423,56.19642,1.33,1.57,0.26,0.33
57.02586,56.24524,2.88,2.88,0.2,0.2
57.05827,56.27589,1.75,2.01,0.17,0.21
57.09339,56.3091,1.58,1.84,-0.13,-0.02
57.09737,56.31286,2.43,2.43,-0.03,-0.03
57.10157,56.31683,2.15,2.41,-0.18,-0.06
57.11351,56.32812,2.96,2.96,0.33,0.33
57.1285,56.3423,1.39,1.65,-0.67,-0.45
57.13057,56.34426,2.09,2.33,-0.04,-0.02
57.13057,56.34426,1.93,2.65,0.64,0.36
57.13071,56.34439,2.23,2.49,-0.05,0.04
57.13071,56.34439,2.17,2.41,0.05,0.08
57.15673,56.369,2.78,2.78,0.2,0.2
57.16283,56.37477,1.87,1.87,0.07,0.07
57.17625,56.38745,1.79,2.03,0.1,0.15
57.17625,56.38745,2.12,2.36,0.1,0.14
57.19923,56.40965,2.58,2.58,-0.01,-0.01
57.20472,56.41498,2.43,2.43,0.39,0.39
57.21088,56.42095,2.49,2.49,0.06,0.06
57.21088,56.42095,2.18,2.44,0.13,0.18
57.21812,56.42797,2.76,NaN,0.15,NaN
57.23866,56.4479,2.66,2.66,-0.06,-0.06
57.26653,56.47493,2.43,2.43,0.11,0.11
57.27917,56.48719,2.71,2.71,0.1,0.1
57.28986,56.49756,1.83,2.09,0.14,0.19
57.28986,56.49756,1.89,2.15,0.14,0.19
57.32339,56.53008,2.38,2.62,0.02,0.05
57.32339,56.53008,2.16,2.42,0.07,0.14
57.32339,56.53008,2.43,2.69,0.02,0.1
57.32452,56.53119,2.34,2.58,0.23,0.3
57.34636,56.55236,2.18,2.44,0.2,0.24
57.34636,56.55236,2.22,2.48,0.13,0.18
57.34831,56.55426,2.47,2.71,0.3,0.38
57.37191,56.57715,2.48,2.74,0.12,0.17
57.37191,56.57715,2.8,2.8,0.2,0.2
57.41243,56.61645,2.49,2.75,0.16,0.21
57.42482,56.62847,2.05,2.31,0.09,0.15
57.45187,56.65471,2.66,2.92,0.19,0.23
57.45187,56.65471,2.9,2.9,0.54,0.54
57.47503,56.67717,2,2.24,0.33,0.41
57.47503,56.67717,1.57,2.29,0.43,0.15
57.4876,56.68936,1.88,2.14,-0.08,0.02
57.53181,56.73225,2.44,2.7,0.21,0.25
57.53468,56.73503,2.05,2.31,0.29,0.31
57.55053,56.7504,2.45,2.69,0.32,0.4
57.57233,56.77155,2.09,2.35,-0.03,0.06
57.57233,56.77155,2.8,2.8,0.35,0.35
57.57555,56.77467,2.15,2.41,-0.15,-0.04
57.57555,56.77467,2.57,2.57,0.1,0.1
57.61176,56.8098,2.24,2.5,0.12,0.17
57.61315,56.81114,1.98,2.24,0.18,0.22
57.66769,56.86405,2.27,2.51,0.14,0.19
57.67592,56.87203,2.02,2.28,0.31,0.32
57.69172,56.88736,2.54,2.54,0.29,0.29
57.70731,56.90248,1.98,2.24,0.25,0.28
57.73223,56.92665,1.85,2.11,0.54,0.51
57.733,56.92739,2.35,2.61,0.1,0.16
57.74679,56.94077,2.34,2.6,0.14,0.19
57.77008,56.96337,2.04,2.3,0.38,0.38
57.77058,56.96385,1.89,2.15,0.31,0.32
57.77166,56.9649,2.75,2.75,0.37,0.37
57.81218,57.0042,2.51,2.51,0.4,0.4
57.81717,57.00903,2,2.26,0.27,0.29
57.81824,57.01008,1.63,2.35,0.44,0.16
57.84541,57.03643,2.03,2.29,0.14,0.19
57.85162,57.04245,2.45,2.45,0.44,0.44
57.85979,57.05038,1.89,2.15,0.37,0.37
57.87221,57.06242,2.29,2.29,-0.07,-0.07
57.87221,57.06242,2.86,2.86,0.03,0.03
57.89319,57.08278,2.38,2.38,-0.13,-0.13
57.89319,57.08278,2.29,2.29,0.14,0.14
57.90505,57.09428,1.78,2.04,-0.34,-0.19
57.92165,57.11038,2.26,2.52,-0.05,0.04
57.92165,57.11038,2.23,2.49,0.01,0.09
57.92165,57.11038,2.82,2.82,-0.06,-0.06
57.92165,57.11038,2.81,2.81,0.11,0.11
57.92944,57.11794,2.18,2.18,0.35,0.35
57.92944,57.11794,2.34,2.34,0.48,0.48
57.93401,57.12237,2.6,2.6,0.24,0.24
57.95841,57.14604,2.12,2.38,0.31,0.32
57.97314,57.16033,2.23,2.23,0.31,0.31
58.0329,57.21829,2.24,2.24,0.01,0.01
58.03533,57.22065,1.87,2.11,0.25,0.32
58.03821,57.22345,2.47,2.71,0.45,0.56
58.05257,57.23737,1.89,2.15,0.07,0.14
58.05309,57.23788,2.27,2.27,0.29,0.29
58.05762,57.24227,1.83,1.83,-0.25,-0.25
58.062,57.24652,1.99,2.23,0.35,0.44
58.09254,57.27614,2.63,2.63,0.63,0.63
58.09558,57.27909,2.68,2.94,0.06,0.13
58.1436,57.32566,1.65,1.91,0.43,0.42
58.14883,57.33075,2.23,2.49,0.3,0.32
58.14883,57.33075,2.38,2.62,0.4,0.5
58.16146,57.34299,1.39,2.11,0.62,0.34
58.16146,57.34299,1.73,1.97,0.33,0.41
58.1687,57.35002,1.54,1.8,0.3,0.32
58.20435,57.3846,2.8,2.8,0.12,0.12
58.20435,57.3846,2.57,2.83,0.09,0.15
58.22853,57.40805,1.98,2.24,0.46,0.44
58.24089,57.42004,1.62,1.88,0.51,0.48
58.32547,57.50208,1.97,2.23,0.18,0.22
58.32956,57.50604,1.86,1.86,-0.06,-0.06
58.3382,57.51442,1.46,1.72,0.3,0.32
58.34192,57.51803,1.81,1.81,-0.07,-0.07
58.34192,57.51803,1.65,1.65,0,0
58.38331,57.5583,0.97,1.23,-0.4,-0.24
58.39664,57.57159,2.61,2.87,0.07,0.14
58.41782,57.59271,1.38,1.64,0.37,0.37
58.4453,57.62011,2.15,2.15,0.38,0.38
58.48507,57.65978,1.79,2.05,0.71,0.64
58.6243,57.79861,1.68,1.94,0.34,0.35
58.65073,57.82497,2.26,NaN,-0.21,NaN
58.65073,57.82497,1.42,1.42,0.12,0.12
58.67484,57.84902,1.47,2.19,0.78,0.5
58.70192,57.87602,1.8,2.04,0.27,0.35
58.79105,57.96683,1.93,2.19,0.23,0.26
58.80117,57.97729,1.98,2.24,0.25,0.28
58.83921,58.01658,2.35,2.35,0.59,0.59
58.87888,58.05755,2.05,2.31,0.38,0.38
59.01399,58.19712,1.51,1.77,0.18,0.22
59.02077,58.20412,1.34,2.06,0.62,0.34
59.02077,58.20412,1.77,2.01,0.32,0.4
59.03669,58.22057,1.54,1.8,0.4,0.4
59.03669,58.22057,1.42,1.66,0.23,0.3
59.12659,58.31343,1.39,1.65,0.35,0.36
59.13306,58.32012,1.86,2.12,0.52,0.49
59.20972,58.3993,2.03,2.03,0.49,0.49
59.24887,58.43974,1.61,1.87,0.32,0.34
59.29774,58.49022,1.63,1.89,0.49,0.47
59.32158,58.51484,1.33,1.59,0.46,0.44
59.34953,58.54372,1.7,1.96,0.16,0.21
59.44827,58.64571,1.41,1.65,0.5,0.61
59.44827,58.64571,1.64,1.9,0.5,0.47
59.44827,58.64571,1.66,1.92,0.42,0.41
59.47114,58.66933,1.68,1.94,0.55,0.51
59.50942,58.70888,1.48,1.74,0.62,0.57
59.53428,58.73456,1.28,2,0.46,0.18
59.59472,58.79699,0.91,1.17,-0.55,-0.35
59.64669,58.85067,1.6,1.86,0.25,0.28
59.64669,58.85067,1.57,1.81,0.38,0.47
59.68282,58.88799,1.27,1.53,0.46,0.44
59.80217,59.01128,1.4,1.66,0.44,0.43
59.86087,59.07191,-0.28,NaN,0.22,NaN
59.89,59.102,1.47,1.73,0.52,0.49
59.96657,59.18109,1.28,1.54,0.39,0.39
60.02894,59.24552,1.14,1.14,0.16,0.16
60.02894,59.24552,0.57,0.81,-0.11,-0.1
60.02894,59.24552,1.88,2.12,-0.29,-0.32
60.02894,59.24552,0.99,1.25,0.13,0.18
60.02894,59.24552,1.08,1.34,0.22,0.25
60.03125,59.24791,0.87,1.13,0.15,0.2
60.03125,59.24791,1.32,1.56,0.26,0.33
60.04313,59.26018,1.21,1.47,0.39,0.39
60.06308,59.28078,0.82,1.08,0.11,0.17
60.06308,59.28078,1,1.24,0.32,0.4
60.15573,59.37649,1,1.26,0.48,0.46
60.17886,59.40038,0.44,1.16,0.4,0.12
60.19401,59.41603,1.2,1.46,0.49,0.46
60.28634,59.5114,0.87,1.13,0.1,0.16
60.29647,59.52187,1.19,1.45,0.1,0.16
60.31305,59.53899,1.01,1.27,0.19,0.23
60.36967,59.59747,0.94,1.2,0.34,0.35
60.49538,59.72733,1.13,1.39,0.32,0.34
60.5,59.73211,0.76,1.48,0.53,0.25
60.5,59.73211,1.02,1.26,0.09,0.13
60.51604,59.74867,0.79,1.05,0.23,0.26
60.52721,59.76021,0.99,1.25,0.2,0.24
60.59711,59.83242,1.09,1.35,0.33,0.34
60.6962,59.93477,0.5,NaN,0.85,NaN
60.70746,59.9464,0.86,1.12,0.35,0.36
60.84086,60.0842,0.68,0.92,0.19,0.25
60.84086,60.0842,0.74,0.98,0.22,0.28
60.84086,60.0842,0.68,0.94,0.11,0.17
60.84086,60.0842,0.91,1.17,0,0.08
60.85107,60.09474,0.68,0.92,0.33,0.41
60.85107,60.09474,0.27,0.53,-0.64,-0.43
60.89321,60.13827,0.99,1.23,0.1,0.14
60.91441,60.16017,0.68,1.4,0.59,0.31
60.91441,60.16017,1.2,1.44,0.4,0.5
60.94392,60.19065,0.67,0.93,0.21,0.25
60.95718,60.20435,1.04,1.3,0.03,0.1
61.01147,60.26043,0.78,1.04,0.21,0.25
61.07903,60.33022,0.65,0.91,0.13,0.18
61.09212,60.34373,0.76,1.02,-0.1,0
61.14659,60.4,0.66,0.92,0.14,0.19
61.17728,60.4317,0.46,0.72,0.09,0.15
61.20242,60.45767,0.53,0.79,0.21,0.25
61.22626,60.4823,0.79,1.03,0.13,0.18
61.22626,60.4823,0.98,1.24,-0.03,0.06
61.29103,60.5492,0.91,1.17,0.28,0.3
61.29103,60.5492,1.02,1.26,0.15,0.2
61.30149,60.56,0.95,1.21,0.01,0.09
61.30754,60.56626,0.68,1.4,0.55,0.27
61.3242,60.58347,0.81,NaN,-0.05,NaN
61.33612,60.59577,0.68,0.92,0.12,0.17
61.37893,60.64,0.65,0.91,0.11,0.17
61.45638,60.72,1.22,1.48,0.26,0.29
61.46342,60.72727,0.8,1.06,0.09,0.15
61.46342,60.72727,0.71,0.95,0.18,0.24
61.51322,60.77871,0.74,1,-0.07,0.02
61.53383,60.8,1.05,1.31,0.42,0.41
61.55915,60.82615,1.02,NaN,0.2,NaN
61.61128,60.88,0.73,0.99,0.14,0.19
61.61167,60.88041,0.57,0.81,0.22,0.28
61.66916,60.94049,0.85,1.09,0.13,0.18
61.68742,60.96,0.68,0.94,0.06,0.13
61.70314,60.97681,0.86,1.1,0.19,0.25
61.70314,60.97681,1.1,1.36,0.19,0.23
61.70804,60.98205,0.16,0.88,0.14,-0.14
61.73467,61.01052,0.5,0.74,-0.13,-0.13
61.75541,61.03269,0.62,0.86,-0.1,-0.09
61.75541,61.03269,0.71,0.97,0.03,0.1
61.76225,61.04,0.98,1.24,0.14,0.19
61.77704,61.05582,1.06,1.3,0.24,0.31
61.83708,61.12,0.99,1.25,0,0.08
61.84064,61.12381,0.64,0.88,-0.08,-0.07
61.84064,61.12381,0.85,1.11,0.06,0.13
61.85567,61.13988,0.88,NaN,0.08,NaN
61.91191,61.2,0.18,0.44,0.3,0.32
61.92587,61.21493,0.84,1.08,0.16,0.21
61.92587,61.21493,0.91,1.17,0.12,0.17
61.95827,61.24957,1.02,1.26,0.15,0.2
61.97974,61.27251,0.6,NaN,-0.08,NaN
62.00783,61.30309,0.92,1.64,0.1,-0.18
62.00783,61.30309,0.92,1.64,0.1,-0.18
62.03871,61.33678,1.37,1.63,0.19,0.23
62.04733,61.34618,0.82,1.08,-0.23,-0.1
62.05999,61.36,1.07,NaN,-0.18,NaN
62.13332,61.44,1.18,NaN,0.28,NaN
62.14419,61.45185,1.3,1.56,-0.03,0.06
62.14419,61.45185,1.11,1.35,0.08,0.12
62.18815,61.49982,1.07,1.33,-0.07,0.02
62.24243,61.55903,0.72,0.96,0.02,0.05
62.24243,61.55903,0.98,1.24,0.19,0.23
62.2702,61.58934,1.22,1.48,0.29,0.31
62.32168,61.6455,0.81,0.81,0.13,0.13
62.53508,61.87831,0.78,1.02,0.02,0.05
62.53508,61.87831,0.8,1.06,0.12,0.17
62.59101,61.93933,0.87,1.11,0.2,0.26
62.64925,62.00287,1.28,1.54,-0.01,0.07
62.64925,62.00287,1.01,1.73,0.59,0.31
62.68335,62.04008,0.76,1.02,-0.21,-0.09
62.71867,62.07861,1.34,1.6,-0.11,-0.01
62.7881,62.15436,1.31,1.57,0.11,0.17
62.7881,62.15436,1.07,1.79,0.42,0.14
62.87846,62.25293,0.82,1.06,-0.06,-0.04
62.87846,62.25293,0.77,1.03,-0.2,-0.08
62.95065,62.3317,0.9,0.9,0.2,0.2
62.99896,62.3844,1.04,1.04,0.13,0.13
63.02341,62.41108,1.09,1.33,-0.16,-0.16
63.08711,62.48057,1.41,1.67,0.65,0.59
63.12529,62.5226,0.65,1.37,0.26,-0.02
63.14632,62.5459,1.21,NaN,0.05,NaN
63.16442,62.56597,1.2,1.44,-0.18,-0.19
63.16442,62.56597,1.41,1.67,0.05,0.12
63.16999,62.57215,1.13,1.37,-0.16,-0.16
63.16999,62.57215,1.29,1.55,0.5,0.47
63.18491,62.58868,1.11,NaN,-0.14,NaN
63.18491,62.58868,0.65,1.37,0.32,0.04
63.21258,62.61935,1.12,1.36,0.58,0.71
63.21258,62.61935,1.32,1.58,-0.02,0.06
63.21258,62.61935,0.57,1.29,0.42,0.14
63.22803,62.63647,1.18,1.44,0.2,0.24
63.25302,62.66417,1.19,1.43,-0.02,0
63.34792,62.76936,1.25,1.51,-0.06,0.03
63.34792,62.76936,1.32,1.56,-0.21,-0.22
63.35301,62.775,0.82,0.82,-0.02,-0.02
63.44917,62.88158,1.34,1.58,-0.04,-0.03
63.61013,63.06,0.88,0.88,0.28,0.28
63.67881,63.13612,1.01,1.73,0.59,0.31
63.67881,63.13612,1.28,1.54,0.42,0.41
63.67881,63.13612,1.36,1.62,0.58,0.54
63.71122,63.17205,0.91,1.15,-0.12,-0.12
63.71122,63.17205,1.14,1.4,0.01,0.09
63.86726,63.345,0.88,0.88,0.12,0.12
63.96889,63.45764,1.09,1.33,-0.26,-0.28
64.01943,63.51366,1.3,NaN,0.33,NaN
64.01943,63.51366,1.09,1.81,0.61,0.33
64.03868,63.535,0.61,0.61,-0.05,-0.05
64.04386,63.54074,1.98,NaN,0.48,NaN
64.0631,63.56207,1.9,NaN,0.39,NaN
64.06414,63.56322,1.3,1.56,0.18,0.22
64.06414,63.56322,0.94,1.66,0.56,0.28
64.09827,63.60104,1.82,NaN,0.45,NaN
64.11739,63.62224,1.65,NaN,0.2,NaN
64.1222,63.62757,1.61,NaN,0.15,NaN
64.12701,63.63291,1.65,NaN,0.04,NaN
64.13943,63.64685,1.1,1.34,-0.28,-0.3
64.16406,63.67457,0.84,1.08,-0.49,-0.55
64.18744,63.70087,1.36,NaN,0.31,NaN
64.21856,63.73588,0.82,NaN,-0.33,NaN
64.29803,63.82528,1.21,NaN,0.08,NaN
64.32169,63.8519,1.15,NaN,0.13,NaN
64.33675,63.86885,1.06,1.78,0.32,0.04
64.33675,63.86885,1.31,1.57,0.35,0.36
64.33707,63.8692,1.15,NaN,0.12,NaN
64.42106,63.96369,1.18,NaN,0.01,NaN
64.47325,64.02224,1.22,NaN,-0.01,NaN
64.49699,64.04886,1.23,NaN,0.15,NaN
64.50105,64.0534,1.2,1.2,0.45,0.45
64.51717,64.07148,1.23,NaN,-0.07,NaN
64.54653,64.10439,1.38,1.64,-0.11,-0.01
64.54653,64.10439,1.35,1.59,-0.22,-0.23
64.5613,64.12095,1.61,1.87,-0.16,-0.05
64.65307,64.22382,1.25,1.49,-0.46,-0.52
64.65307,64.22382,1.4,1.66,-0.32,-0.17
64.6537,64.22453,1.33,NaN,-0.09,NaN
64.66955,64.24229,1.39,1.65,-0.05,0.04
64.67625,64.24981,1.32,NaN,-0.09,NaN
64.68085,64.25497,1.67,1.91,-0.07,-0.06
64.70773,64.28509,1.5,1.74,-0.12,-0.12
64.74271,64.3243,1.19,1.19,0.22,0.22
64.75792,64.34135,1.75,1.75,-0.08,-0.08
64.7869,64.37384,1.8,1.8,-0.09,-0.09
64.79963,64.38811,1.81,2.05,0.1,0.14
64.79963,64.38811,1.69,1.93,0.05,0.09
64.80186,64.39062,1.31,1.55,-0.26,-0.28
64.80186,64.39062,1.44,1.7,-0.31,-0.16
64.82925,64.42131,1.39,NaN,0.15,NaN
64.86383,64.46008,1.38,NaN,0.15,NaN
64.89707,64.49734,1.54,NaN,0.4,NaN
64.91057,64.51247,1.62,1.86,-0.2,-0.21
64.91057,64.51247,1.56,1.82,-0.4,-0.24
64.91164,64.51368,2,NaN,0.62,NaN
64.9157,64.51823,1.95,NaN,0.37,NaN
65.12891,64.75228,0.93,NaN,0.27,NaN
65.17056,64.78008,1.61,NaN,0.1,NaN
65.19676,64.79758,1.33,1.57,-0.45,-0.5
65.19676,64.79758,2.13,2.39,-0.61,-0.4
65.25418,64.83591,1.62,1.86,-0.2,-0.21
65.40453,64.93627,2.16,NaN,0.26,NaN
65.43844,64.95891,2.03,NaN,0.14,NaN
65.43854,64.95897,0.94,NaN,0.41,NaN
65.43854,64.95897,1.22,NaN,0.82,NaN
65.44535,64.96352,1,NaN,0.44,NaN
65.44535,64.96352,1.19,NaN,0.86,NaN
65.4586,64.97236,2.01,NaN,0.27,NaN
65.46742,64.97826,2.01,2.27,0.53,0.5
65.47773,64.98513,1.79,NaN,0.27,NaN
65.48705,64.99136,2.26,2.52,0.66,0.6
65.49537,64.99691,1.94,NaN,0.57,NaN
65.50625,65.01,1.35,1.61,0.34,0.35
65.51249,65.02,1.25,1.51,-0.08,0.02
65.51566,65.02506,1.75,NaN,0.3,NaN
65.52903,65.04648,2.17,2.43,0.94,0.82
65.52903,65.04648,2.17,2.43,0.94,0.82
65.53236,65.0518,1.95,1.95,0.51,0.51
65.54114,65.06586,1.7,1.96,-0.27,-0.13
65.54114,65.06586,1.85,2.11,0.53,0.5
65.54114,65.06586,1.7,1.96,-0.27,-0.13
65.54114,65.06586,1.85,2.11,0.53,0.5
65.5421,65.06741,1.88,1.88,0.42,0.42
65.55584,65.08941,1.99,1.99,0.61,0.61
65.5599,65.0959,1.79,1.79,0.49,0.49
65.56017,65.09633,1.5,1.76,-0.49,-0.31
65.5639,65.1023,1.73,1.73,0.44,0.44
65.56727,65.1077,2.03,NaN,0.2,NaN
65.56958,65.1114,1.64,1.64,0.24,0.24
65.57201,65.1153,1.6,1.6,0.19,0.19
65.57445,65.1192,1.65,1.65,0.08,0.08
65.58001,65.12811,1.7,1.96,0.22,0.25
65.60518,65.1684,1.51,1.51,0.39,0.39
65.62135,65.1943,1.34,1.34,0.35,0.35
65.64039,65.22478,1.52,1.76,0.53,0.65
65.64365,65.23,1.33,1.57,-0.32,-0.35
65.64565,65.23321,0.85,0.85,-0.29,-0.29
65.66045,65.25689,1.43,1.69,0.69,0.63
65.66994,65.2721,1.18,1.18,0.17,0.17
65.67381,65.27829,1.46,1.72,0.82,0.73
65.69202,65.30745,1.9,2.16,0.18,0.22
65.73109,65.37,1.61,1.85,0.33,0.41
65.73233,65.37199,1.87,1.87,0.36,0.36
65.73398,65.37463,0.71,0.95,0.5,0.61
65.73398,65.37463,1.37,1.63,0.76,0.68
65.74358,65.39001,1.06,NaN,0.41,NaN
65.76072,65.41744,1.54,1.8,0.83,0.74
65.76856,65.43,1.06,NaN,0.22,NaN
65.80083,65.48167,1.27,1.53,0.83,0.74
65.80083,65.48167,1.4,1.64,0.11,0.16
65.82089,65.51379,0.71,0.95,0.56,0.68
65.83102,65.53001,1.74,NaN,0.33,NaN
65.83102,65.53001,1.72,NaN,0.29,NaN
65.83102,65.53001,1.76,NaN,0.38,NaN
65.861,65.578,0.87,1.11,-0.1,-0.09
65.861,65.578,1.04,1.3,0.13,0.18
65.861,65.578,0.99,1.25,0.03,0.1
65.87036,65.58836,1.41,1.67,0.11,0.17
65.87036,65.58836,1.65,1.91,0.8,0.71
65.8899,65.61,1.82,2.06,0.53,0.65
65.92602,65.65,0.84,NaN,0.8,NaN
65.93559,65.6606,1.78,2.05,0.29,0.31
65.93559,65.6606,2.13,2.37,0.24,0.31
65.96398,65.69204,1.4,1.66,0.96,0.84
65.96398,65.69204,1.53,1.79,0.99,0.86
65.98271,65.71278,0.99,1.23,-0.22,-0.23
65.98271,65.71278,1.47,1.73,0.09,0.15
65.98271,65.71278,0.94,1.18,-0.2,-0.21
65.98271,65.71278,1.08,1.34,0.36,0.36
66.02129,65.7555,1.45,1.45,0.81,0.81
66.0976,65.84,1.58,NaN,0.49,NaN
66.0976,65.84,1.56,NaN,0.44,NaN
66.0976,65.84,1.61,NaN,0.54,NaN
66.105,65.8482,1.38,1.38,0.72,0.72
66.11378,65.85792,1.27,1.51,0.16,0.21
66.11378,65.85792,0.82,1.08,0.23,0.26
66.1879,65.94,0.47,0.71,0.79,0.96
66.23306,65.99,0.8,1.04,0.42,0.52
66.23306,65.99,1.35,1.61,0.35,0.36
66.28724,66.05,1.72,NaN,0.59,NaN
66.28724,66.05,1.65,NaN,0.46,NaN
66.28724,66.05,1.8,NaN,0.71,NaN
66.30103,66.06526,1.06,1.3,0.45,0.56
66.30103,66.06526,0.99,1.25,-0.07,0.02
66.41338,66.18967,1.51,1.75,0.02,0.05
66.43172,66.21,0.89,1.13,0.31,0.39
66.43172,66.21,0.87,1.13,0.18,0.22
66.44979,66.23,1.04,1.3,-0.27,-0.13
66.45882,66.24,1.61,NaN,0.51,NaN
66.45882,66.24,1.6,NaN,0.49,NaN
66.45882,66.24,1.62,NaN,0.54,NaN
66.49494,66.28,0.78,1.02,0.51,0.63
66.54009,66.32999,1.68,NaN,0.64,NaN
66.54009,66.32999,1.66,NaN,0.66,NaN
66.54009,66.32999,1.69,NaN,0.62,NaN
66.61234,66.41,1.59,1.83,0.4,0.5
66.63943,66.43999,0.52,NaN,0.08,NaN
66.71168,66.52,1.82,2.06,0.71,0.86
66.72974,66.54,0.41,0.65,-0.13,-0.13
66.72974,66.54,1.19,1.45,0.57,0.53
66.80727,66.62586,1.2,1.46,0.49,0.47
66.81101,66.63,0.49,NaN,0.86,NaN
66.81595,66.63547,-0.17,0.09,0.44,0.43
66.82907,66.65,0.87,1.11,0.5,0.61
67.04666,66.89095,1.22,1.48,0.4,0.4
67.15173,67.0073,1.23,1.23,0.66,0.66
67.15417,67.00999,1.17,1.43,-0.42,-0.25
67.21853,67.08127,1.51,1.77,0.92,0.81
67.27157,67.14,1.03,1.29,0.19,0.23
67.27453,67.14328,1.62,1.86,-0.06,-0.04
67.27453,67.14328,1.69,1.95,0.12,0.17
67.27453,67.14328,1.61,2.33,0.34,0.06
67.28126,67.15073,1.22,1.48,0.56,0.52
67.36106,67.23911,1.3,1.3,0.67,0.67
67.47927,67.37,0.69,0.95,-0.16,-0.05
67.4883,67.38,1.03,NaN,0.81,NaN
67.50636,67.4,1.13,NaN,0.79,NaN
67.52543,67.42112,1.18,1.44,0.44,0.43
67.53345,67.42999,1.04,1.28,0.65,0.79
67.53345,67.42999,0.97,1.23,0.6,0.55
67.61229,67.5173,1.35,1.35,0.72,0.72
67.61472,67.52,2.27,NaN,1.02,NaN
67.62376,67.53,0.97,1.21,0.5,0.61
67.65085,67.56,1.89,2.13,-0.26,-0.28
67.65085,67.56,1.12,1.38,-0.29,-0.15
67.66891,67.58,1.99,2.23,0.7,0.85
67.696,67.61,0.97,1.23,0.45,0.44
67.72312,67.64,1.93,2.17,0.69,0.84
67.7412,67.66,1.03,1.27,0.55,0.67
67.7412,67.66,1.25,1.51,0.44,0.43
67.74252,67.66146,1.29,1.55,0.41,0.4
67.75024,67.67,1.81,2.07,0.7,0.63
67.75024,67.67,1.76,2,0.1,0.14
67.76832,67.68999,1.2,1.46,0.39,0.39
67.7864,67.71,1.22,1.48,-0.02,0.06
67.83203,67.76,0.89,1.13,0.46,0.57
67.85966,67.79,1.01,NaN,0.94,NaN
67.8873,67.82,1.39,1.63,0.43,0.53
67.89651,67.82999,1.15,1.39,0.33,0.41
67.89651,67.82999,1.28,1.54,0.34,0.35
67.95178,67.89,0.81,1.07,0.61,0.56
67.96099,67.9,1,1.26,0.73,0.66
67.98335,67.92427,1.84,2.1,0.58,0.54
67.98335,67.92427,1.9,2.16,0.54,0.51
67.98335,67.92427,1.89,2.13,0.15,0.2
67.98862,67.93,1.04,1.3,0.85,0.75
67.99784,67.94,2.11,2.35,0.3,0.38
68.03468,67.98,1.89,2.13,0.32,0.4
68.04389,67.99,1.19,1.45,0.41,0.4
68.05311,68,1.16,1.4,0.19,0.25
68.07153,68.02,1.14,1.4,-0.32,-0.17
68.08995,68.04,0.43,NaN,-0.69,NaN
68.10838,68.06,2.19,2.43,0.31,0.39
68.1268,68.08,0.72,0.98,0.24,0.27
68.15443,68.11,1.1,1.34,0.54,0.66
68.16364,68.12,0.8,1.06,0.45,0.44
68.17286,68.13,1.09,1.35,0.58,0.54
68.19128,68.15,2.05,2.29,0.44,0.54
68.19128,68.15,1.46,1.7,0.42,0.52
68.22813,68.19,1.74,1.98,0.57,0.7
68.23734,68.2,0.91,1.15,0.45,0.56
68.23734,68.2,1.08,1.34,0.35,0.36
68.23734,68.2,1.69,1.93,0.62,0.76
68.25576,68.22,1.71,1.95,0.66,0.8
68.25576,68.22,1.27,1.53,0.65,0.59
68.29261,68.26,1.48,1.72,0.53,0.65
68.31152,68.28053,1.35,1.61,0.05,0.12
68.32568,68.29591,1.37,1.63,0.11,0.17
68.33867,68.31001,1.5,1.74,0.55,0.67
68.35709,68.32999,1.18,1.44,0.43,0.42
68.39394,68.37,1.59,1.83,0.63,0.77
68.43078,68.41,1.18,1.44,0.29,0.31
68.45842,68.44,1.6,1.84,0.68,0.83
68.46763,68.45,1.99,2.23,0.23,0.3
68.48605,68.47,0.96,1.68,1.22,0.94
68.56791,68.55887,1.15,1.41,0.14,0.19
68.56791,68.55887,1.2,1.46,-0.13,-0.02
68.56791,68.55887,1.68,1.92,0.24,0.31
68.56791,68.55887,1.43,1.67,0.03,0.06
68.58126,68.57336,1.1,1.36,0.26,0.29
68.58738,68.58,1.16,1.4,0.19,0.25
68.58738,68.58,1.07,1.33,0.21,0.25
68.62422,68.62,1.08,1.8,1.18,0.9
68.67028,68.67,1.68,1.92,0.6,0.73
68.67028,68.67,0.91,NaN,0.36,NaN
68.70713,68.71,0.66,0.92,0.07,0.14
68.75121,68.75712,1.24,1.5,0.2,0.24
68.76351,68.77,1.46,1.7,0.41,0.51
68.77306,68.78,1.09,1.33,0.07,0.11
68.77306,68.78,1.07,1.33,0.14,0.19
68.77306,68.78,0.91,1.63,1.14,0.86
68.78262,68.79,2.04,2.28,0.29,0.37
68.78262,68.79,2.04,2.3,0.42,0.41
68.80172,68.81001,0.89,1.15,0.76,0.68
68.81126,68.82,1.55,1.79,0.67,0.81
68.81126,68.82,0.8,1.06,0.74,0.66
68.82808,68.83761,1.58,1.82,-0.19,-0.2
68.83037,68.84,1.23,1.49,0.43,0.42
68.83395,68.84375,1.31,1.57,0.24,0.27
68.83992,68.85001,0.99,1.25,0.78,0.7
68.85902,68.87,0.94,1.2,0.57,0.53
68.85902,68.87,0.98,1.7,1.13,0.85
68.86857,68.88,1.95,2.19,0.23,0.3
68.86857,68.88,2.2,2.46,0.47,0.45
68.86857,68.88,1.52,1.76,0.67,0.81
68.86857,68.88,0.87,1.13,0.7,0.63
68.88766,68.89999,0.85,1.11,0.57,0.53
68.89722,68.91,1.44,1.68,0.72,0.87
68.89722,68.91,1.47,1.71,0.69,0.84
68.90677,68.92,0.89,1.15,0.59,0.55
68.91632,68.93,1.49,1.73,0.72,0.87
68.91632,68.93,0.77,1.03,0.47,0.45
68.91632,68.93,0.9,1.16,0.72,0.65
68.91632,68.93,0.81,1.07,0.68,0.62
68.91632,68.93,0.86,1.12,0.61,0.56
68.91632,68.93,0.8,1.52,1.18,0.9
68.92587,68.93999,0.93,1.19,0.1,0.16
68.94497,68.96,0.8,1.04,0.07,0.11
68.95452,68.97,0.88,1.14,0.29,0.31
68.98317,69,1.72,1.98,0.25,0.28
68.99272,69.01,0.78,NaN,0.38,NaN
68.99272,69.01,0.74,NaN,0.31,NaN
68.99272,69.01,0.83,NaN,0.45,NaN
69.00227,69.02,0.84,1.1,0.5,0.47
69.05002,69.07,2.06,2.3,0.37,0.46
69.05002,69.07,2.25,2.51,0.68,0.62
69.07867,69.1,1.32,1.58,0.42,0.41
69.07867,69.1,0.94,1.18,0.35,0.44
69.07867,69.1,1.06,1.32,0.34,0.35
69.08822,69.11,0.88,1.14,0.68,0.62
69.10732,69.13,1.06,1.32,0.42,0.41
69.11687,69.14,0.73,0.97,0.35,0.44
69.11687,69.14,1,1.26,0.26,0.29
69.14552,69.17001,1.1,1.36,0.49,0.47
69.16435,69.18972,1.66,1.9,-0.12,-0.12
69.16462,69.18999,0.87,1.11,0.4,0.5
69.16462,69.18999,0.89,1.15,0.45,0.44
69.17417,69.2,1.91,2.15,0.76,0.92
69.17417,69.2,2.03,2.29,0.39,0.39
69.17417,69.2,0.96,1.22,0.26,0.29
69.19327,69.21999,0.75,1.01,0.48,0.46
69.22192,69.25,0.99,1.23,0.43,0.53
69.23147,69.25999,0.7,0.96,NaN,NaN
69.26012,69.29,1.12,1.36,0.36,0.45
69.26012,69.29,0.98,1.24,0.25,0.28
69.33147,69.36471,1.46,1.72,0.49,0.47
69.33652,69.37,0.45,0.71,0.33,0.34
69.33652,69.37,0.65,0.91,0.9,0.79
69.35562,69.39,0.61,0.87,0.85,0.75
69.36517,69.4,0.92,NaN,0.54,NaN
69.37473,69.41,0.78,1.04,0.62,0.57
69.37572,69.41104,1.17,1.43,0.3,0.32
69.38428,69.42001,0.68,0.94,0.88,0.78
69.40337,69.44,0.36,0.6,0.95,1.14
69.42248,69.46001,1.99,NaN,0.73,NaN
69.42248,69.46001,1.91,NaN,0.56,NaN
69.42248,69.46001,2.06,NaN,0.89,NaN
69.42248,69.46001,0.48,0.74,0.35,0.36
69.42248,69.46001,0.68,0.94,0.52,0.49
69.42248,69.46001,0.88,1.14,0.74,0.66
69.43202,69.47,0.9,1.16,0.7,0.63
69.45113,69.49,0.98,NaN,0.63,NaN
69.45113,69.49,0.67,0.93,0.61,0.56
69.45258,69.49152,1.53,1.79,1.11,0.96
69.50842,69.55,0.53,0.79,0.5,0.47
69.50842,69.55,0.94,1.2,0.44,0.43
69.51797,69.56,0.91,1.17,0.72,0.65
69.54662,69.59,0.51,0.77,1.01,0.88
69.56573,69.61,0.95,1.21,0.66,0.6
69.57528,69.62,0.54,0.78,0.53,0.65
69.59438,69.64,1.41,1.67,0.48,0.46
69.59438,69.64,0.69,0.95,0.49,0.47
69.60393,69.65,0.73,0.99,0.87,0.77
69.63258,69.68,0.35,0.61,1.12,0.96
69.63258,69.68,0.43,0.67,0.58,0.71
69.63258,69.68,0.62,0.88,0.55,0.51
69.64474,69.69273,1.72,1.96,0.1,0.14
69.65168,69.7,0.62,0.88,0.87,0.77
69.66122,69.71,1.98,2.22,0.48,0.59
69.67356,69.72292,1.58,1.82,0.12,0.17
69.68033,69.73,0.84,1.1,0.53,0.5
69.69278,69.74304,1.49,1.73,0.15,0.2
69.69942,69.75,1.77,2.01,0.6,0.73
69.69942,69.75,0.63,0.89,0.89,0.78
69.71199,69.76315,1.53,1.77,0.32,0.4
69.71199,69.76315,1.39,1.63,0.06,0.1
69.71853,69.77,1.57,NaN,0.21,NaN
69.71853,69.77,1.57,NaN,0.21,NaN
69.71853,69.77,0.63,0.89,0.62,0.57
69.7216,69.77321,2.18,2.42,0.66,0.8
69.7216,69.77321,1.63,1.87,0.7,0.85
69.7216,69.77321,1.01,1.27,0.4,0.4
69.72808,69.78,0.96,NaN,0.56,NaN
69.73763,69.78999,0.64,0.9,0.94,0.82
69.74081,69.79333,1.4,1.64,0.47,0.58
69.74718,69.8,1.97,2.21,0.31,0.39
69.74718,69.8,2.13,2.39,0.39,0.39
69.76628,69.82,0.59,0.83,0.97,1.17
69.76628,69.82,0.64,0.9,0.52,0.49
69.77583,69.82999,0.74,1,0.89,0.78
69.77924,69.83357,0.88,1.14,0.29,0.31
69.77924,69.83357,1.01,1.25,0.14,0.19
69.77924,69.83357,1.12,1.36,0.48,0.59
69.79493,69.85,0.56,0.82,1.09,0.94
69.79493,69.85,0.49,0.75,0.03,0.1
69.80807,69.86375,2.31,2.55,0.52,0.64
69.81403,69.87,0.76,1.02,0.93,0.81
69.82358,69.88,1.9,2.14,0.63,0.77
69.82358,69.88,2.03,2.29,0.56,0.52
69.84268,69.9,0.7,NaN,0.46,NaN
69.86178,69.92,0.67,0.93,0.01,0.09
69.88088,69.94,1.95,2.19,0.69,0.84
69.88088,69.94,2.07,2.33,0.61,0.56
69.89043,69.95,0.73,0.99,0.79,0.7
69.89998,69.96,0.42,0.68,1.01,0.88
69.91908,69.98,0.52,0.78,1.03,0.89
69.92863,69.99001,0.65,0.91,0.77,0.69
69.93818,70,2.08,2.34,0.53,0.5
69.95728,70.02,0.93,NaN,0.73,NaN
69.96684,70.03001,0.68,0.94,0.51,0.48
69.97638,70.04,0.65,0.91,0.75,0.67
69.99062,70.0549,1.7,1.94,0.92,1.11
70.00504,70.07,0.32,0.58,1.06,0.92
70.01992,70.08559,2.06,2.06,0.08,0.08
